Departure datetime,Arrival datetime,Origin,Destination,Airline(s),Travel Time,Price ($),Num Stops,Layover,Access Date,CO2 Emission (kg),Emission Diff (%)
2024-05-28 06:15:00,2024-05-28 08:30:00,CAI,JED,Nile Air,2 hr 15 min,91.0,0,,2024-05-27,,
2024-05-28 09:45:00,2024-05-28 12:00:00,CAI,JED,Flyadeal,2 hr 15 min,94.0,0,,2024-05-27,110.0,0.0
2024-05-28 09:25:00,2024-05-28 11:50:00,CAI,JED,Flynas,2 hr 25 min,99.0,0,,2024-05-27,97.0,-16.0
2024-05-28 14:05:00,2024-05-28 16:20:00,CAI,JED,Price unavailable,2 hr 15 min,,0,,2024-05-27,134.0,17.0
2024-05-28 18:10:00,2024-05-28 20:35:00,CAI,JED,Flynas,2 hr 25 min,94.0,0,,2024-05-27,97.0,-16.0
2024-05-28 19:05:00,2024-05-28 21:30:00,CAI,JED,Flynas,2 hr 25 min,94.0,0,,2024-05-27,97.0,-16.0
2024-05-28 21:15:00,2024-05-29 00:00:00,CAI,JED,Flyadeal,2 hr 45 min,94.0,0,,2024-05-27,110.0,0.0
2024-05-28 15:35:00,2024-05-28 18:00:00,CAI,JED,Flynas,2 hr 25 min,99.0,0,,2024-05-27,97.0,-16.0
2024-05-28 22:00:00,2024-05-29 00:25:00,CAI,JED,Flynas,2 hr 25 min,99.0,0,,2024-05-27,97.0,-16.0
2024-05-28 11:25:00,2024-05-28 13:45:00,CAI,JED,Air Cairo,2 hr 20 min,104.0,0,,2024-05-27,113.0,0.0
2024-05-28 19:10:00,2024-05-28 21:30:00,CAI,JED,Air Cairo,2 hr 20 min,104.0,0,,2024-05-27,115.0,0.0
2024-05-28 04:20:00,2024-05-28 06:40:00,CAI,JED,Air Cairo,2 hr 20 min,111.0,0,,2024-05-27,113.0,0.0
2024-05-28 06:00:00,2024-05-28 08:10:00,CAI,JED,Air Arabia Egypt,2 hr 10 min,111.0,0,,2024-05-27,117.0,0.0
2024-05-28 14:55:00,2024-05-28 17:05:00,CAI,JED,FlyEgypt,2 hr 10 min,113.0,0,,2024-05-27,117.0,0.0
2024-05-28 12:45:00,2024-05-28 15:00:00,CAI,JED,Nile Air,2 hr 15 min,116.0,0,,2024-05-27,122.0,6.0
2024-05-28 02:35:00,2024-05-28 04:45:00,CAI,JED,EgyptAir,2 hr 10 min,169.0,0,,2024-05-27,139.0,21.0
2024-05-28 03:45:00,2024-05-28 06:05:00,CAI,JED,Saudia,2 hr 20 min,191.0,0,,2024-05-27,115.0,0.0
2024-05-28 12:40:00,2024-05-28 15:00:00,CAI,JED,Saudia,2 hr 20 min,191.0,0,,2024-05-27,115.0,0.0
2024-05-28 15:10:00,2024-05-28 17:30:00,CAI,JED,Saudia,2 hr 20 min,191.0,0,,2024-05-27,115.0,0.0
2024-05-28 16:10:00,2024-05-28 18:30:00,CAI,JED,Saudia,2 hr 20 min,191.0,0,,2024-05-27,115.0,0.0
2024-05-28 17:50:00,2024-05-28 20:10:00,CAI,JED,Saudia,2 hr 20 min,191.0,0,,2024-05-27,115.0,0.0
2024-05-28 20:50:00,2024-05-28 23:10:00,CAI,JED,Saudia,2 hr 20 min,191.0,0,,2024-05-27,115.0,0.0
2024-05-28 15:20:00,2024-05-28 17:30:00,CAI,JED,EgyptAir,2 hr 10 min,256.0,0,,2024-05-27,142.0,23.0
2024-05-28 19:50:00,2024-05-28 22:00:00,CAI,JED,EgyptAir,2 hr 10 min,256.0,0,,2024-05-27,139.0,21.0
2024-05-28 00:55:00,2024-05-28 03:15:00,CAI,JED,Saudia,2 hr 20 min,277.0,0,,2024-05-27,115.0,0.0
2024-05-28 08:00:00,2024-05-28 10:10:00,CAI,JED,EgyptAir,2 hr 10 min,353.0,0,,2024-05-27,566.0,392.0
2024-05-29 09:25:00,2024-05-29 11:50:00,CAI,JED,Flynas,2 hr 25 min,94.0,0,,2024-05-27,97.0,-16.0
2024-05-29 09:45:00,2024-05-29 12:00:00,CAI,JED,Flyadeal,2 hr 15 min,94.0,0,,2024-05-27,110.0,0.0
2024-05-29 18:35:00,2024-05-29 20:40:00,CAI,JED,FlyEgypt,2 hr 5 min,97.0,0,,2024-05-27,117.0,0.0
2024-05-29 10:00:00,2024-05-29 12:00:00,CAI,JED,Price unavailable,2 hr,,0,,2024-05-27,163.0,42.0
2024-05-29 11:35:00,2024-05-29 13:50:00,CAI,JED,Price unavailable,2 hr 15 min,,0,,2024-05-27,114.0,0.0
2024-05-29 15:35:00,2024-05-29 18:00:00,CAI,JED,Flynas,2 hr 25 min,94.0,0,,2024-05-27,97.0,-16.0
2024-05-29 18:10:00,2024-05-29 20:35:00,CAI,JED,Flynas,2 hr 25 min,94.0,0,,2024-05-27,97.0,-16.0
2024-05-29 19:05:00,2024-05-29 21:30:00,CAI,JED,Flynas,2 hr 25 min,94.0,0,,2024-05-27,97.0,-16.0
2024-05-29 21:15:00,2024-05-30 00:00:00,CAI,JED,Flyadeal,2 hr 45 min,94.0,0,,2024-05-27,110.0,0.0
2024-05-29 01:15:00,2024-05-29 03:40:00,CAI,JED,Flynas,2 hr 25 min,99.0,0,,2024-05-27,97.0,-16.0
2024-05-29 22:00:00,2024-05-30 00:25:00,CAI,JED,Flynas,2 hr 25 min,99.0,0,,2024-05-27,97.0,-16.0
2024-05-29 06:00:00,2024-05-29 08:10:00,CAI,JED,Air Arabia Egypt,2 hr 10 min,104.0,0,,2024-05-27,117.0,0.0
2024-05-29 04:00:00,2024-05-29 06:20:00,CAI,JED,Air Cairo,2 hr 20 min,111.0,0,,2024-05-27,113.0,0.0
2024-05-29 06:50:00,2024-05-29 09:10:00,CAI,JED,Air Cairo,2 hr 20 min,111.0,0,,2024-05-27,115.0,0.0
2024-05-29 05:40:00,2024-05-29 07:55:00,CAI,JED,Nile Air,2 hr 15 min,116.0,0,,2024-05-27,122.0,6.0
2024-05-29 12:45:00,2024-05-29 15:00:00,CAI,JED,Nile Air,2 hr 15 min,116.0,0,,2024-05-27,122.0,6.0
2024-05-29 00:55:00,2024-05-29 03:15:00,CAI,JED,Saudia,2 hr 20 min,191.0,0,,2024-05-27,115.0,0.0
2024-05-29 03:45:00,2024-05-29 06:05:00,CAI,JED,Saudia,2 hr 20 min,191.0,0,,2024-05-27,115.0,0.0
2024-05-29 12:40:00,2024-05-29 15:00:00,CAI,JED,Saudia,2 hr 20 min,191.0,0,,2024-05-27,115.0,0.0
2024-05-29 15:10:00,2024-05-29 17:30:00,CAI,JED,Saudia,2 hr 20 min,191.0,0,,2024-05-27,115.0,0.0
2024-05-29 16:10:00,2024-05-29 18:30:00,CAI,JED,Saudia,2 hr 20 min,191.0,0,,2024-05-27,115.0,0.0
2024-05-29 17:50:00,2024-05-29 20:10:00,CAI,JED,Saudia,2 hr 20 min,191.0,0,,2024-05-27,115.0,0.0
2024-05-29 20:50:00,2024-05-29 23:10:00,CAI,JED,Saudia,2 hr 20 min,191.0,0,,2024-05-27,115.0,0.0
2024-05-29 08:00:00,2024-05-29 10:10:00,CAI,JED,EgyptAir,2 hr 10 min,256.0,0,,2024-05-27,139.0,21.0
2024-05-29 15:20:00,2024-05-29 17:30:00,CAI,JED,EgyptAir,2 hr 10 min,256.0,0,,2024-05-27,142.0,23.0
2024-05-29 19:50:00,2024-05-29 22:00:00,CAI,JED,EgyptAir,2 hr 10 min,256.0,0,,2024-05-27,139.0,21.0
2024-05-29 21:20:00,2024-05-29 23:30:00,CAI,JED,EgyptAir,2 hr 10 min,256.0,0,,2024-05-27,134.0,17.0
2024-05-29 02:35:00,2024-05-29 04:45:00,CAI,JED,EgyptAir,2 hr 10 min,353.0,0,,2024-05-27,457.0,297.0
2024-05-30 23:35:00,2024-05-31 01:45:00,CAI,JED,Flyadeal,2 hr 10 min,80.0,0,,2024-05-27,110.0,0.0
2024-05-30 09:25:00,2024-05-30 11:50:00,CAI,JED,Flynas,2 hr 25 min,94.0,0,,2024-05-27,97.0,-16.0
2024-05-30 06:00:00,2024-05-30 08:10:00,CAI,JED,Air Arabia Egypt,2 hr 10 min,107.0,0,,2024-05-27,117.0,0.0
2024-05-30 11:35:00,2024-05-30 13:50:00,CAI,JED,Price unavailable,2 hr 15 min,,0,,2024-05-27,114.0,0.0
2024-05-30 01:15:00,2024-05-30 03:40:00,CAI,JED,Flynas,2 hr 25 min,94.0,0,,2024-05-27,97.0,-16.0
2024-05-30 15:35:00,2024-05-30 18:00:00,CAI,JED,Flynas,2 hr 25 min,99.0,0,,2024-05-27,97.0,-16.0
2024-05-30 18:10:00,2024-05-30 20:35:00,CAI,JED,Flynas,2 hr 25 min,99.0,0,,2024-05-27,97.0,-16.0
2024-05-30 22:00:00,2024-05-31 00:25:00,CAI,JED,Flynas,2 hr 25 min,99.0,0,,2024-05-27,97.0,-16.0
2024-05-30 19:05:00,2024-05-30 21:30:00,CAI,JED,Flynas,2 hr 25 min,104.0,0,,2024-05-27,97.0,-16.0
2024-05-30 18:55:00,2024-05-30 21:15:00,CAI,JED,Air Cairo,2 hr 20 min,111.0,0,,2024-05-27,115.0,0.0
2024-05-30 09:45:00,2024-05-30 12:00:00,CAI,JED,Flyadeal,2 hr 15 min,112.0,0,,2024-05-27,110.0,0.0
2024-05-30 04:50:00,2024-05-30 07:05:00,CAI,JED,Nile Air,2 hr 15 min,116.0,0,,2024-05-27,122.0,6.0
2024-05-30 12:45:00,2024-05-30 15:00:00,CAI,JED,Nile Air,2 hr 15 min,116.0,0,,2024-05-27,110.0,0.0
2024-05-30 03:45:00,2024-05-30 06:05:00,CAI,JED,Air Cairo,2 hr 20 min,118.0,0,,2024-05-27,115.0,0.0
2024-05-30 10:20:00,2024-05-30 12:40:00,CAI,JED,Air Cairo,2 hr 20 min,118.0,0,,2024-05-27,113.0,0.0
2024-05-30 21:15:00,2024-05-31 00:00:00,CAI,JED,Flyadeal,2 hr 45 min,128.0,0,,2024-05-27,110.0,0.0
2024-05-30 02:35:00,2024-05-30 04:45:00,CAI,JED,EgyptAir,2 hr 10 min,169.0,0,,2024-05-27,114.0,0.0
2024-05-30 08:00:00,2024-05-30 10:10:00,CAI,JED,EgyptAir,2 hr 10 min,169.0,0,,2024-05-27,142.0,23.0
2024-05-30 19:50:00,2024-05-30 22:00:00,CAI,JED,EgyptAir,2 hr 10 min,169.0,0,,2024-05-27,139.0,21.0
2024-05-30 12:40:00,2024-05-30 15:00:00,CAI,JED,Saudia,2 hr 20 min,191.0,0,,2024-05-27,115.0,0.0
2024-05-30 15:10:00,2024-05-30 17:30:00,CAI,JED,Saudia,2 hr 20 min,191.0,0,,2024-05-27,115.0,0.0
2024-05-30 16:10:00,2024-05-30 18:30:00,CAI,JED,Saudia,2 hr 20 min,191.0,0,,2024-05-27,115.0,0.0
2024-05-30 17:50:00,2024-05-30 20:10:00,CAI,JED,Saudia,2 hr 20 min,191.0,0,,2024-05-27,115.0,0.0
2024-05-30 20:50:00,2024-05-30 23:10:00,CAI,JED,Saudia,2 hr 20 min,191.0,0,,2024-05-27,118.0,0.0
2024-05-30 23:05:00,2024-05-31 01:25:00,CAI,JED,Saudia,2 hr 20 min,191.0,0,,2024-05-27,115.0,0.0
2024-05-30 15:20:00,2024-05-30 17:30:00,CAI,JED,EgyptAir,2 hr 10 min,256.0,0,,2024-05-27,142.0,23.0
2024-05-30 21:20:00,2024-05-30 23:30:00,CAI,JED,EgyptAir,2 hr 10 min,256.0,0,,2024-05-27,139.0,21.0
2024-05-30 00:55:00,2024-05-30 03:15:00,CAI,JED,Saudia,2 hr 20 min,277.0,0,,2024-05-27,115.0,0.0
2024-05-30 00:30:00,2024-05-30 02:40:00,CAI,JED,EgyptAir,2 hr 10 min,353.0,0,,2024-05-27,566.0,392.0
2024-05-31 09:25:00,2024-05-31 11:50:00,CAI,JED,Flynas,2 hr 25 min,94.0,0,,2024-05-27,97.0,-16.0
2024-05-31 10:20:00,2024-05-31 12:40:00,CAI,JED,Air Cairo,2 hr 20 min,104.0,0,,2024-05-27,113.0,0.0
2024-05-31 06:00:00,2024-05-31 08:10:00,CAI,JED,Air Arabia Egypt,2 hr 10 min,105.0,0,,2024-05-27,117.0,0.0
2024-05-31 18:25:00,2024-05-31 20:40:00,CAI,JED,Price unavailable,2 hr 15 min,,0,,2024-05-27,134.0,17.0
2024-05-31 01:15:00,2024-05-31 03:40:00,CAI,JED,Flynas,2 hr 25 min,94.0,0,,2024-05-27,97.0,-16.0
2024-05-31 15:35:00,2024-05-31 18:00:00,CAI,JED,Flynas,2 hr 25 min,99.0,0,,2024-05-27,97.0,-16.0
2024-05-31 18:10:00,2024-05-31 20:35:00,CAI,JED,Flynas,2 hr 25 min,99.0,0,,2024-05-27,97.0,-16.0
2024-05-31 19:05:00,2024-05-31 21:30:00,CAI,JED,Flynas,2 hr 25 min,99.0,0,,2024-05-27,97.0,-16.0
2024-05-31 22:00:00,2024-06-01 00:25:00,CAI,JED,Flynas,2 hr 25 min,99.0,0,,2024-05-27,97.0,-16.0
2024-05-31 04:20:00,2024-05-31 06:40:00,CAI,JED,Air Cairo,2 hr 20 min,111.0,0,,2024-05-27,113.0,0.0
2024-05-31 23:35:00,2024-06-01 01:45:00,CAI,JED,Flyadeal,2 hr 10 min,112.0,0,,2024-05-27,110.0,0.0
2024-05-31 17:45:00,2024-05-31 19:55:00,CAI,JED,FlyEgypt,2 hr 10 min,113.0,0,,2024-05-27,117.0,0.0
2024-05-31 05:40:00,2024-05-31 07:55:00,CAI,JED,Nile Air,2 hr 15 min,116.0,0,,2024-05-27,122.0,6.0
2024-05-31 12:45:00,2024-05-31 15:00:00,CAI,JED,Nile Air,2 hr 15 min,116.0,0,,2024-05-27,122.0,6.0
2024-05-31 20:10:00,2024-05-31 22:30:00,CAI,JED,Air Cairo,2 hr 20 min,118.0,0,,2024-05-27,113.0,0.0
2024-05-31 09:45:00,2024-05-31 12:00:00,CAI,JED,Flyadeal,2 hr 15 min,120.0,0,,2024-05-27,110.0,0.0
2024-05-31 21:15:00,2024-06-01 00:00:00,CAI,JED,Flyadeal,2 hr 45 min,120.0,0,,2024-05-27,110.0,0.0
2024-05-31 03:45:00,2024-05-31 06:05:00,CAI,JED,Saudia,2 hr 20 min,191.0,0,,2024-05-27,115.0,0.0
2024-05-31 12:40:00,2024-05-31 15:00:00,CAI,JED,Saudia,2 hr 20 min,191.0,0,,2024-05-27,115.0,0.0
2024-05-31 15:10:00,2024-05-31 17:30:00,CAI,JED,Saudia,2 hr 20 min,191.0,0,,2024-05-27,115.0,0.0
2024-05-31 16:10:00,2024-05-31 18:30:00,CAI,JED,Saudia,2 hr 20 min,191.0,0,,2024-05-27,115.0,0.0
2024-05-31 17:50:00,2024-05-31 20:10:00,CAI,JED,Saudia,2 hr 20 min,191.0,0,,2024-05-27,115.0,0.0
2024-05-31 20:50:00,2024-05-31 23:10:00,CAI,JED,Saudia,2 hr 20 min,191.0,0,,2024-05-27,118.0,0.0
2024-05-31 23:05:00,2024-06-01 01:25:00,CAI,JED,Saudia,2 hr 20 min,191.0,0,,2024-05-27,115.0,0.0
2024-05-31 00:55:00,2024-05-31 03:15:00,CAI,JED,Saudia,2 hr 20 min,222.0,0,,2024-05-27,115.0,0.0
2024-05-31 05:00:00,2024-05-31 07:15:00,CAI,JED,Price unavailable,2 hr 15 min,,0,,2024-05-27,114.0,0.0
2024-06-01 09:25:00,2024-06-01 11:50:00,CAI,JED,Flynas,2 hr 25 min,99.0,0,,2024-05-27,97.0,-16.0
2024-06-01 08:00:00,2024-06-01 10:10:00,CAI,JED,Air Arabia Egypt,2 hr 10 min,103.0,0,,2024-05-27,117.0,0.0
2024-06-01 04:20:00,2024-06-01 06:40:00,CAI,JED,Air Cairo,2 hr 20 min,104.0,0,,2024-05-27,115.0,0.0
2024-06-01 18:25:00,2024-06-01 20:40:00,CAI,JED,Price unavailable,2 hr 15 min,,0,,2024-05-27,114.0,0.0
2024-06-01 01:15:00,2024-06-01 03:40:00,CAI,JED,Flynas,2 hr 25 min,99.0,0,,2024-05-27,97.0,-16.0
2024-06-01 11:15:00,2024-06-01 13:35:00,CAI,JED,Air Cairo,2 hr 20 min,104.0,0,,2024-05-27,113.0,0.0
2024-06-01 18:55:00,2024-06-01 21:05:00,CAI,JED,FlyEgypt,2 hr 10 min,113.0,0,,2024-05-27,117.0,0.0
2024-06-01 15:35:00,2024-06-01 18:00:00,CAI,JED,Flynas,2 hr 25 min,120.0,0,,2024-05-27,97.0,-16.0
2024-06-01 09:45:00,2024-06-01 12:00:00,CAI,JED,Flyadeal,2 hr 15 min,128.0,0,,2024-05-27,110.0,0.0
2024-06-01 18:10:00,2024-06-01 20:35:00,CAI,JED,Flynas,2 hr 25 min,128.0,0,,2024-05-27,97.0,-16.0
2024-06-01 19:05:00,2024-06-01 21:30:00,CAI,JED,Flynas,2 hr 25 min,128.0,0,,2024-05-27,97.0,-16.0
2024-06-01 22:00:00,2024-06-02 00:25:00,CAI,JED,Flynas,2 hr 25 min,128.0,0,,2024-05-27,97.0,-16.0
2024-06-01 23:35:00,2024-06-02 01:45:00,CAI,JED,Flyadeal,2 hr 10 min,136.0,0,,2024-05-27,110.0,0.0
2024-06-01 05:40:00,2024-06-01 07:55:00,CAI,JED,Nile Air,2 hr 15 min,155.0,0,,2024-05-27,122.0,6.0
2024-06-01 21:15:00,2024-06-02 00:00:00,CAI,JED,Flyadeal,2 hr 45 min,174.0,0,,2024-05-27,110.0,0.0
2024-06-01 00:55:00,2024-06-01 03:15:00,CAI,JED,Saudia,2 hr 20 min,222.0,0,,2024-05-27,115.0,0.0
2024-06-01 03:45:00,2024-06-01 06:05:00,CAI,JED,Saudia,2 hr 20 min,222.0,0,,2024-05-27,115.0,0.0
2024-06-01 16:10:00,2024-06-01 18:30:00,CAI,JED,Saudia,2 hr 20 min,277.0,0,,2024-05-27,115.0,0.0
2024-06-01 17:50:00,2024-06-01 20:10:00,CAI,JED,Saudia,2 hr 20 min,277.0,0,,2024-05-27,115.0,0.0
2024-06-01 20:50:00,2024-06-01 23:10:00,CAI,JED,Saudia,2 hr 20 min,277.0,0,,2024-05-27,118.0,0.0
2024-06-01 23:05:00,2024-06-02 01:25:00,CAI,JED,Saudia,2 hr 20 min,277.0,0,,2024-05-27,115.0,0.0
2024-06-01 12:40:00,2024-06-01 15:00:00,CAI,JED,Saudia,2 hr 20 min,301.0,0,,2024-05-27,118.0,0.0
2024-06-01 15:10:00,2024-06-01 17:30:00,CAI,JED,Saudia,2 hr 20 min,384.0,0,,2024-05-27,115.0,0.0
2024-06-01 03:25:00,2024-06-01 05:40:00,CAI,JED,Price unavailable,2 hr 15 min,,0,,2024-05-27,114.0,0.0
2024-06-02 09:45:00,2024-06-02 12:00:00,CAI,JED,Flyadeal,2 hr 15 min,70.0,0,,2024-05-27,110.0,0.0
2024-06-02 23:35:00,2024-06-03 01:45:00,CAI,JED,Flyadeal,2 hr 10 min,70.0,0,,2024-05-27,110.0,0.0
2024-06-02 09:25:00,2024-06-02 11:50:00,CAI,JED,Flynas,2 hr 25 min,88.0,0,,2024-05-27,97.0,-16.0
2024-06-02 05:45:00,2024-06-02 08:00:00,CAI,JED,Price unavailable,2 hr 15 min,,0,,2024-05-27,134.0,17.0
2024-06-02 15:15:00,2024-06-02 17:15:00,CAI,JED,Price unavailable,2 hr,,0,,2024-05-27,163.0,42.0
2024-06-02 21:15:00,2024-06-03 00:00:00,CAI,JED,Flyadeal,2 hr 45 min,70.0,0,,2024-05-27,110.0,0.0
2024-06-02 18:10:00,2024-06-02 20:35:00,CAI,JED,Flynas,2 hr 25 min,88.0,0,,2024-05-27,97.0,-16.0
2024-06-02 19:05:00,2024-06-02 21:30:00,CAI,JED,Flynas,2 hr 25 min,88.0,0,,2024-05-27,97.0,-16.0
2024-06-02 22:00:00,2024-06-03 00:25:00,CAI,JED,Flynas,2 hr 25 min,94.0,0,,2024-05-27,97.0,-16.0
2024-06-02 15:30:00,2024-06-02 17:40:00,CAI,JED,FlyEgypt,2 hr 10 min,97.0,0,,2024-05-27,117.0,0.0
2024-06-02 15:35:00,2024-06-02 18:00:00,CAI,JED,Flynas,2 hr 25 min,99.0,0,,2024-05-27,97.0,-16.0
2024-06-02 06:00:00,2024-06-02 08:10:00,CAI,JED,Air Arabia Egypt,2 hr 10 min,103.0,0,,2024-05-27,117.0,0.0
2024-06-02 20:05:00,2024-06-02 22:25:00,CAI,JED,Air Cairo,2 hr 20 min,104.0,0,,2024-05-27,113.0,0.0
2024-06-02 03:50:00,2024-06-02 06:00:00,CAI,JED,FlyEgypt,2 hr 10 min,113.0,0,,2024-05-27,117.0,0.0
2024-06-02 14:10:00,2024-06-02 16:30:00,CAI,JED,Air Cairo,2 hr 20 min,118.0,0,,2024-05-27,115.0,0.0
2024-06-02 01:15:00,2024-06-02 03:40:00,CAI,JED,Flynas,2 hr 25 min,120.0,0,,2024-05-27,97.0,-16.0
2024-06-02 04:20:00,2024-06-02 06:40:00,CAI,JED,Air Cairo,2 hr 20 min,127.0,0,,2024-05-27,115.0,0.0
2024-06-02 12:45:00,2024-06-02 15:00:00,CAI,JED,Nile Air,2 hr 15 min,140.0,0,,2024-05-27,110.0,0.0
2024-06-02 17:50:00,2024-06-02 20:10:00,CAI,JED,Saudia,2 hr 20 min,157.0,0,,2024-05-27,118.0,0.0
2024-06-02 20:50:00,2024-06-02 23:10:00,CAI,JED,Saudia,2 hr 20 min,157.0,0,,2024-05-27,115.0,0.0
2024-06-02 00:55:00,2024-06-02 03:15:00,CAI,JED,Saudia,2 hr 20 min,191.0,0,,2024-05-27,115.0,0.0
2024-06-02 03:45:00,2024-06-02 06:05:00,CAI,JED,Saudia,2 hr 20 min,191.0,0,,2024-05-27,115.0,0.0
2024-06-02 15:10:00,2024-06-02 17:30:00,CAI,JED,Saudia,2 hr 20 min,191.0,0,,2024-05-27,115.0,0.0
2024-06-02 16:10:00,2024-06-02 18:30:00,CAI,JED,Saudia,2 hr 20 min,191.0,0,,2024-05-27,115.0,0.0
2024-06-02 12:40:00,2024-06-02 15:00:00,CAI,JED,Saudia,2 hr 20 min,238.0,0,,2024-05-27,115.0,0.0
2024-06-03 09:45:00,2024-06-03 12:00:00,CAI,JED,Flyadeal,2 hr 15 min,70.0,0,,2024-05-27,110.0,0.0
2024-06-03 23:35:00,2024-06-04 01:45:00,CAI,JED,Flyadeal,2 hr 10 min,70.0,0,,2024-05-27,110.0,0.0
2024-06-03 09:25:00,2024-06-03 11:50:00,CAI,JED,Flynas,2 hr 25 min,88.0,0,,2024-05-27,97.0,-16.0
2024-06-03 11:15:00,2024-06-03 13:30:00,CAI,JED,Price unavailable,2 hr 15 min,,0,,2024-05-27,114.0,0.0
2024-06-03 21:15:00,2024-06-04 00:00:00,CAI,JED,Flyadeal,2 hr 45 min,70.0,0,,2024-05-27,110.0,0.0
2024-06-03 01:15:00,2024-06-03 03:40:00,CAI,JED,Flynas,2 hr 25 min,88.0,0,,2024-05-27,97.0,-16.0
2024-06-03 15:35:00,2024-06-03 18:00:00,CAI,JED,Flynas,2 hr 25 min,88.0,0,,2024-05-27,97.0,-16.0
2024-06-03 18:10:00,2024-06-03 20:35:00,CAI,JED,Flynas,2 hr 25 min,88.0,0,,2024-05-27,97.0,-16.0
2024-06-03 19:05:00,2024-06-03 21:30:00,CAI,JED,Flynas,2 hr 25 min,88.0,0,,2024-05-27,97.0,-16.0
2024-06-03 22:00:00,2024-06-04 00:25:00,CAI,JED,Flynas,2 hr 25 min,88.0,0,,2024-05-27,97.0,-16.0
2024-06-03 15:00:00,2024-06-03 17:10:00,CAI,JED,FlyEgypt,2 hr 10 min,97.0,0,,2024-05-27,117.0,0.0
2024-06-03 06:00:00,2024-06-03 08:10:00,CAI,JED,Air Arabia Egypt,2 hr 10 min,101.0,0,,2024-05-27,117.0,0.0
2024-06-03 04:00:00,2024-06-03 06:20:00,CAI,JED,Air Cairo,2 hr 20 min,104.0,0,,2024-05-27,108.0,-6.0
2024-06-03 10:20:00,2024-06-03 12:40:00,CAI,JED,Air Cairo,2 hr 20 min,104.0,0,,2024-05-27,113.0,0.0
2024-06-03 18:55:00,2024-06-03 21:15:00,CAI,JED,Air Cairo,2 hr 20 min,104.0,0,,2024-05-27,115.0,0.0
2024-06-03 04:40:00,2024-06-03 06:55:00,CAI,JED,Nile Air,2 hr 15 min,116.0,0,,2024-05-27,110.0,0.0
2024-06-03 13:45:00,2024-06-03 16:00:00,CAI,JED,Nile Air,2 hr 15 min,116.0,0,,2024-05-27,110.0,0.0
2024-06-03 03:45:00,2024-06-03 06:05:00,CAI,JED,Saudia,2 hr 20 min,157.0,0,,2024-05-27,115.0,0.0
2024-06-03 15:10:00,2024-06-03 17:30:00,CAI,JED,Saudia,2 hr 20 min,157.0,0,,2024-05-27,115.0,0.0
2024-06-03 16:10:00,2024-06-03 18:30:00,CAI,JED,Saudia,2 hr 20 min,157.0,0,,2024-05-27,115.0,0.0
2024-06-03 17:50:00,2024-06-03 20:10:00,CAI,JED,Saudia,2 hr 20 min,157.0,0,,2024-05-27,115.0,0.0
2024-06-03 20:50:00,2024-06-03 23:10:00,CAI,JED,Saudia,2 hr 20 min,157.0,0,,2024-05-27,118.0,0.0
2024-06-03 00:55:00,2024-06-03 03:15:00,CAI,JED,Saudia,2 hr 20 min,191.0,0,,2024-05-27,115.0,0.0
2024-06-03 12:40:00,2024-06-03 15:00:00,CAI,JED,Saudia,2 hr 20 min,191.0,0,,2024-05-27,115.0,0.0
2024-06-03 03:25:00,2024-06-03 05:40:00,CAI,JED,Price unavailable,2 hr 15 min,,0,,2024-05-27,134.0,17.0
2024-06-03 03:50:00,2024-06-03 06:05:00,CAI,JED,Price unavailable,2 hr 15 min,,0,,2024-05-27,114.0,0.0
2024-06-03 06:05:00,2024-06-03 08:21:00,CAI,JED,Price unavailable,2 hr 16 min,,0,,2024-05-27,114.0,0.0
2024-06-04 09:45:00,2024-06-04 12:00:00,CAI,JED,Flyadeal,2 hr 15 min,70.0,0,,2024-05-27,110.0,0.0
2024-06-04 23:35:00,2024-06-05 01:45:00,CAI,JED,Flyadeal,2 hr 10 min,70.0,0,,2024-05-27,110.0,0.0
2024-06-04 09:25:00,2024-06-04 11:50:00,CAI,JED,Flynas,2 hr 25 min,88.0,0,,2024-05-27,97.0,-16.0
2024-06-04 14:05:00,2024-06-04 16:20:00,CAI,JED,Price unavailable,2 hr 15 min,,0,,2024-05-27,114.0,0.0
2024-06-04 21:15:00,2024-06-05 00:00:00,CAI,JED,Flyadeal,2 hr 45 min,70.0,0,,2024-05-27,110.0,0.0
2024-06-04 01:15:00,2024-06-04 03:40:00,CAI,JED,Flynas,2 hr 25 min,88.0,0,,2024-05-27,97.0,-16.0
2024-06-04 15:35:00,2024-06-04 18:00:00,CAI,JED,Flynas,2 hr 25 min,88.0,0,,2024-05-27,97.0,-16.0
2024-06-04 18:10:00,2024-06-04 20:35:00,CAI,JED,Flynas,2 hr 25 min,88.0,0,,2024-05-27,97.0,-16.0
2024-06-04 19:05:00,2024-06-04 21:30:00,CAI,JED,Flynas,2 hr 25 min,88.0,0,,2024-05-27,97.0,-16.0
2024-06-04 22:00:00,2024-06-05 00:25:00,CAI,JED,Flynas,2 hr 25 min,88.0,0,,2024-05-27,97.0,-16.0
2024-06-04 14:55:00,2024-06-04 17:05:00,CAI,JED,FlyEgypt,2 hr 10 min,97.0,0,,2024-05-27,117.0,0.0
2024-06-04 11:25:00,2024-06-04 13:45:00,CAI,JED,Air Cairo,2 hr 20 min,104.0,0,,2024-05-27,115.0,0.0
2024-06-04 04:20:00,2024-06-04 06:40:00,CAI,JED,Air Cairo,2 hr 20 min,111.0,0,,2024-05-27,115.0,0.0
2024-06-04 19:10:00,2024-06-04 21:30:00,CAI,JED,Air Cairo,2 hr 20 min,111.0,0,,2024-05-27,115.0,0.0
2024-06-04 12:45:00,2024-06-04 15:00:00,CAI,JED,Nile Air,2 hr 15 min,116.0,0,,2024-05-27,122.0,6.0
2024-06-04 06:00:00,2024-06-04 08:10:00,CAI,JED,Air Arabia Egypt,2 hr 10 min,129.0,0,,2024-05-27,117.0,0.0
2024-06-04 06:15:00,2024-06-04 08:30:00,CAI,JED,Nile Air,2 hr 15 min,136.0,0,,2024-05-27,110.0,0.0
2024-06-04 00:25:00,2024-06-04 02:40:00,CAI,JED,Nile Air,2 hr 15 min,140.0,0,,2024-05-27,121.0,0.0
2024-06-04 00:55:00,2024-06-04 03:15:00,CAI,JED,Saudia,2 hr 20 min,157.0,0,,2024-05-27,115.0,0.0
2024-06-04 03:45:00,2024-06-04 06:05:00,CAI,JED,Saudia,2 hr 20 min,157.0,0,,2024-05-27,115.0,0.0
2024-06-04 12:40:00,2024-06-04 15:00:00,CAI,JED,Saudia,2 hr 20 min,157.0,0,,2024-05-27,115.0,0.0
2024-06-04 15:10:00,2024-06-04 17:30:00,CAI,JED,Saudia,2 hr 20 min,157.0,0,,2024-05-27,115.0,0.0
2024-06-04 16:10:00,2024-06-04 18:30:00,CAI,JED,Saudia,2 hr 20 min,157.0,0,,2024-05-27,115.0,0.0
2024-06-04 17:50:00,2024-06-04 20:10:00,CAI,JED,Saudia,2 hr 20 min,157.0,0,,2024-05-27,115.0,0.0
2024-06-04 20:50:00,2024-06-04 23:10:00,CAI,JED,Saudia,2 hr 20 min,157.0,0,,2024-05-27,118.0,0.0
2024-06-04 23:05:00,2024-06-05 01:25:00,CAI,JED,Saudia,2 hr 20 min,157.0,0,,2024-05-27,115.0,0.0
2024-06-04 04:20:00,2024-06-04 06:35:00,CAI,JED,Price unavailable,2 hr 15 min,,0,,2024-05-27,114.0,0.0
2024-06-04 04:40:00,2024-06-04 07:10:00,CAI,JED,Price unavailable,2 hr 30 min,,0,,2024-05-27,114.0,0.0
2024-06-05 09:45:00,2024-06-05 12:00:00,CAI,JED,Flyadeal,2 hr 15 min,70.0,0,,2024-05-27,110.0,0.0
2024-06-05 23:35:00,2024-06-06 01:45:00,CAI,JED,Flyadeal,2 hr 10 min,70.0,0,,2024-05-27,110.0,0.0
2024-06-05 09:25:00,2024-06-05 11:50:00,CAI,JED,Flynas,2 hr 25 min,88.0,0,,2024-05-27,97.0,-16.0
2024-06-05 10:00:00,2024-06-05 12:00:00,CAI,JED,Price unavailable,2 hr,,0,,2024-05-27,163.0,42.0
2024-06-05 11:35:00,2024-06-05 13:50:00,CAI,JED,Price unavailable,2 hr 15 min,,0,,2024-05-27,114.0,0.0
2024-06-05 01:15:00,2024-06-05 03:40:00,CAI,JED,Flynas,2 hr 25 min,88.0,0,,2024-05-27,97.0,-16.0
2024-06-05 15:35:00,2024-06-05 18:00:00,CAI,JED,Flynas,2 hr 25 min,88.0,0,,2024-05-27,97.0,-16.0
2024-06-05 18:10:00,2024-06-05 20:35:00,CAI,JED,Flynas,2 hr 25 min,88.0,0,,2024-05-27,97.0,-16.0
2024-06-05 19:05:00,2024-06-05 21:30:00,CAI,JED,Flynas,2 hr 25 min,88.0,0,,2024-05-27,97.0,-16.0
2024-06-05 22:00:00,2024-06-06 00:25:00,CAI,JED,Flynas,2 hr 25 min,88.0,0,,2024-05-27,97.0,-16.0
2024-06-05 06:00:00,2024-06-05 08:10:00,CAI,JED,Air Arabia Egypt,2 hr 10 min,103.0,0,,2024-05-27,117.0,0.0
2024-06-05 06:50:00,2024-06-05 09:10:00,CAI,JED,Air Cairo,2 hr 20 min,111.0,0,,2024-05-27,113.0,0.0
2024-06-05 18:35:00,2024-06-05 20:40:00,CAI,JED,FlyEgypt,2 hr 5 min,113.0,0,,2024-05-27,117.0,0.0
2024-06-05 05:40:00,2024-06-05 07:55:00,CAI,JED,Nile Air,2 hr 15 min,136.0,0,,2024-05-27,122.0,6.0
2024-06-05 04:00:00,2024-06-05 06:20:00,CAI,JED,Air Cairo,2 hr 20 min,136.0,0,,2024-05-27,115.0,0.0
2024-06-05 12:45:00,2024-06-05 15:00:00,CAI,JED,Nile Air,2 hr 15 min,140.0,0,,2024-05-27,122.0,6.0
2024-06-05 00:55:00,2024-06-05 03:15:00,CAI,JED,Saudia,2 hr 20 min,157.0,0,,2024-05-27,115.0,0.0
2024-06-05 03:45:00,2024-06-05 06:05:00,CAI,JED,Saudia,2 hr 20 min,157.0,0,,2024-05-27,115.0,0.0
2024-06-05 06:00:00,2024-06-05 08:20:00,CAI,JED,Saudia,2 hr 20 min,157.0,0,,2024-05-27,118.0,0.0
2024-06-05 12:40:00,2024-06-05 15:00:00,CAI,JED,Saudia,2 hr 20 min,157.0,0,,2024-05-27,115.0,0.0
2024-06-05 15:10:00,2024-06-05 17:30:00,CAI,JED,Saudia,2 hr 20 min,157.0,0,,2024-05-27,115.0,0.0
2024-06-05 16:10:00,2024-06-05 18:30:00,CAI,JED,Saudia,2 hr 20 min,157.0,0,,2024-05-27,115.0,0.0
2024-06-05 17:50:00,2024-06-05 20:10:00,CAI,JED,Saudia,2 hr 20 min,157.0,0,,2024-05-27,115.0,0.0
2024-06-05 20:50:00,2024-06-05 23:10:00,CAI,JED,Saudia,2 hr 20 min,157.0,0,,2024-05-27,115.0,0.0
2024-06-05 23:05:00,2024-06-06 01:25:00,CAI,JED,Saudia,2 hr 20 min,157.0,0,,2024-05-27,115.0,0.0
2024-06-05 03:25:00,2024-06-05 05:40:00,CAI,JED,Price unavailable,2 hr 15 min,,0,,2024-05-27,114.0,0.0
2024-06-05 06:30:00,2024-06-05 08:45:00,CAI,JED,Price unavailable,2 hr 15 min,,0,,2024-05-27,114.0,0.0
2024-06-06 01:15:00,2024-06-06 03:40:00,CAI,JED,Flynas,2 hr 25 min,88.0,0,,2024-05-27,97.0,-16.0
2024-06-06 09:25:00,2024-06-06 11:50:00,CAI,JED,Flynas,2 hr 25 min,88.0,0,,2024-05-27,97.0,-16.0
2024-06-06 06:00:00,2024-06-06 08:10:00,CAI,JED,Air Arabia Egypt,2 hr 10 min,103.0,0,,2024-05-27,117.0,0.0
2024-06-06 10:20:00,2024-06-06 12:40:00,CAI,JED,Air Cairo,2 hr 20 min,104.0,0,,2024-05-27,113.0,0.0
2024-06-06 11:35:00,2024-06-06 13:50:00,CAI,JED,Price unavailable,2 hr 15 min,,0,,2024-05-27,114.0,0.0
2024-06-06 15:35:00,2024-06-06 18:00:00,CAI,JED,Flynas,2 hr 25 min,99.0,0,,2024-05-27,97.0,-16.0
2024-06-06 18:10:00,2024-06-06 20:35:00,CAI,JED,Flynas,2 hr 25 min,99.0,0,,2024-05-27,97.0,-16.0
2024-06-06 19:05:00,2024-06-06 21:30:00,CAI,JED,Flynas,2 hr 25 min,99.0,0,,2024-05-27,97.0,-16.0
2024-06-06 22:00:00,2024-06-07 00:25:00,CAI,JED,Flynas,2 hr 25 min,99.0,0,,2024-05-27,97.0,-16.0
2024-06-06 03:45:00,2024-06-06 06:05:00,CAI,JED,Air Cairo,2 hr 20 min,111.0,0,,2024-05-27,115.0,0.0
2024-06-06 18:55:00,2024-06-06 21:15:00,CAI,JED,Air Cairo,2 hr 20 min,118.0,0,,2024-05-27,113.0,0.0
2024-06-06 09:45:00,2024-06-06 12:00:00,CAI,JED,Flyadeal,2 hr 15 min,136.0,0,,2024-05-27,110.0,0.0
2024-06-06 04:50:00,2024-06-06 07:05:00,CAI,JED,Nile Air,2 hr 15 min,140.0,0,,2024-05-27,122.0,6.0
2024-06-06 12:45:00,2024-06-06 15:00:00,CAI,JED,Nile Air,2 hr 15 min,145.0,0,,2024-05-27,110.0,0.0
2024-06-06 00:55:00,2024-06-06 03:15:00,CAI,JED,Saudia,2 hr 20 min,157.0,0,,2024-05-27,115.0,0.0
2024-06-06 03:45:00,2024-06-06 06:05:00,CAI,JED,Saudia,2 hr 20 min,157.0,0,,2024-05-27,115.0,0.0
2024-06-06 06:00:00,2024-06-06 08:20:00,CAI,JED,Saudia,2 hr 20 min,157.0,0,,2024-05-27,115.0,0.0
2024-06-06 12:40:00,2024-06-06 15:00:00,CAI,JED,Saudia,2 hr 20 min,157.0,0,,2024-05-27,115.0,0.0
2024-06-06 15:10:00,2024-06-06 17:30:00,CAI,JED,Saudia,2 hr 20 min,157.0,0,,2024-05-27,115.0,0.0
2024-06-06 16:10:00,2024-06-06 18:30:00,CAI,JED,Saudia,2 hr 20 min,157.0,0,,2024-05-27,115.0,0.0
2024-06-06 17:50:00,2024-06-06 20:10:00,CAI,JED,Saudia,2 hr 20 min,157.0,0,,2024-05-27,115.0,0.0
2024-06-06 20:50:00,2024-06-06 23:10:00,CAI,JED,Saudia,2 hr 20 min,157.0,0,,2024-05-27,115.0,0.0
2024-06-06 23:05:00,2024-06-07 01:25:00,CAI,JED,Saudia,2 hr 20 min,157.0,0,,2024-05-27,115.0,0.0
2024-06-06 23:35:00,2024-06-07 01:45:00,CAI,JED,Flyadeal,2 hr 10 min,187.0,0,,2024-05-27,110.0,0.0
2024-06-06 04:05:00,2024-06-06 06:20:00,CAI,JED,Price unavailable,2 hr 15 min,,0,,2024-05-27,114.0,0.0
2024-06-07 21:15:00,2024-06-08 00:00:00,CAI,JED,Flyadeal,2 hr 45 min,70.0,0,,2024-05-27,110.0,0.0
2024-06-07 01:15:00,2024-06-07 03:40:00,CAI,JED,Flynas,2 hr 25 min,94.0,0,,2024-05-27,97.0,-16.0
2024-06-07 06:00:00,2024-06-07 08:10:00,CAI,JED,Air Arabia Egypt,2 hr 10 min,103.0,0,,2024-05-27,117.0,0.0
2024-06-07 10:20:00,2024-06-07 12:40:00,CAI,JED,Air Cairo,2 hr 20 min,104.0,0,,2024-05-27,113.0,0.0
2024-06-07 09:15:00,2024-06-07 11:30:00,CAI,JED,Price unavailable,2 hr 15 min,,0,,2024-05-27,114.0,0.0
2024-06-07 15:35:00,2024-06-07 18:00:00,CAI,JED,Flynas,2 hr 25 min,104.0,0,,2024-05-27,97.0,-16.0
2024-06-07 18:10:00,2024-06-07 20:35:00,CAI,JED,Flynas,2 hr 25 min,104.0,0,,2024-05-27,97.0,-16.0
2024-06-07 22:00:00,2024-06-08 00:25:00,CAI,JED,Flynas,2 hr 25 min,104.0,0,,2024-05-27,97.0,-16.0
2024-06-07 04:20:00,2024-06-07 06:40:00,CAI,JED,Air Cairo,2 hr 20 min,111.0,0,,2024-05-27,113.0,0.0
2024-06-07 09:25:00,2024-06-07 11:50:00,CAI,JED,Flynas,2 hr 25 min,112.0,0,,2024-05-27,97.0,-16.0
2024-06-07 19:05:00,2024-06-07 21:30:00,CAI,JED,Flynas,2 hr 25 min,112.0,0,,2024-05-27,97.0,-16.0
2024-06-07 20:10:00,2024-06-07 22:30:00,CAI,JED,Air Cairo,2 hr 20 min,118.0,0,,2024-05-27,113.0,0.0
2024-06-07 09:45:00,2024-06-07 12:00:00,CAI,JED,Flyadeal,2 hr 15 min,120.0,0,,2024-05-27,110.0,0.0
2024-06-07 23:35:00,2024-06-08 01:45:00,CAI,JED,Flyadeal,2 hr 10 min,120.0,0,,2024-05-27,110.0,0.0
2024-06-07 17:45:00,2024-06-07 19:55:00,CAI,JED,FlyEgypt,2 hr 10 min,123.0,0,,2024-05-27,117.0,0.0
2024-06-07 12:45:00,2024-06-07 15:00:00,CAI,JED,Nile Air,2 hr 15 min,145.0,0,,2024-05-27,122.0,6.0
2024-06-07 12:40:00,2024-06-07 15:00:00,CAI,JED,Saudia,2 hr 20 min,157.0,0,,2024-05-27,115.0,0.0
2024-06-07 16:30:00,2024-06-07 18:35:00,CAI,JED,Saudia,2 hr 5 min,157.0,0,,2024-05-27,128.0,11.0
2024-06-07 20:50:00,2024-06-07 23:10:00,CAI,JED,Saudia,2 hr 20 min,157.0,0,,2024-05-27,115.0,0.0
2024-06-07 23:05:00,2024-06-08 01:25:00,CAI,JED,Saudia,2 hr 20 min,157.0,0,,2024-05-27,115.0,0.0
2024-06-07 05:40:00,2024-06-07 07:55:00,CAI,JED,Nile Air,2 hr 15 min,181.0,0,,2024-05-27,122.0,6.0
2024-06-07 00:55:00,2024-06-07 03:15:00,CAI,JED,Saudia,2 hr 20 min,191.0,0,,2024-05-27,115.0,0.0
2024-06-07 06:00:00,2024-06-07 08:20:00,CAI,JED,Saudia,2 hr 20 min,191.0,0,,2024-05-27,115.0,0.0
2024-06-07 16:10:00,2024-06-07 18:30:00,CAI,JED,Saudia,2 hr 20 min,191.0,0,,2024-05-27,115.0,0.0
2024-06-07 17:50:00,2024-06-07 20:10:00,CAI,JED,Saudia,2 hr 20 min,191.0,0,,2024-05-27,118.0,0.0
2024-06-07 03:45:00,2024-06-07 06:05:00,CAI,JED,Saudia,2 hr 20 min,324.0,0,,2024-05-27,115.0,0.0
2024-06-07 15:10:00,2024-06-07 17:30:00,CAI,JED,Saudia,2 hr 20 min,446.0,0,,2024-05-27,458.0,298.0
2024-06-07 03:25:00,2024-06-07 05:40:00,CAI,JED,Price unavailable,2 hr 15 min,,0,,2024-05-27,114.0,0.0
2024-06-07 18:25:00,2024-06-07 20:40:00,CAI,JED,Price unavailable,2 hr 15 min,,0,,2024-05-27,114.0,0.0
2024-06-08 08:00:00,2024-06-08 10:10:00,CAI,JED,Air Arabia Egypt,2 hr 10 min,101.0,0,,2024-05-27,117.0,0.0
2024-06-08 01:15:00,2024-06-08 03:40:00,CAI,JED,Flynas,2 hr 25 min,104.0,0,,2024-05-27,97.0,-16.0
2024-06-08 04:20:00,2024-06-08 06:40:00,CAI,JED,Air Cairo,2 hr 20 min,111.0,0,,2024-05-27,115.0,0.0
2024-06-08 18:25:00,2024-06-08 20:40:00,CAI,JED,Price unavailable,2 hr 15 min,,0,,2024-05-27,114.0,0.0
2024-06-08 15:35:00,2024-06-08 18:00:00,CAI,JED,Flynas,2 hr 25 min,104.0,0,,2024-05-27,97.0,-16.0
2024-06-08 11:15:00,2024-06-08 13:35:00,CAI,JED,Air Cairo,2 hr 20 min,111.0,0,,2024-05-27,113.0,0.0
2024-06-08 09:25:00,2024-06-08 11:50:00,CAI,JED,Flynas,2 hr 25 min,112.0,0,,2024-05-27,97.0,-16.0
2024-06-08 18:10:00,2024-06-08 20:35:00,CAI,JED,Flynas,2 hr 25 min,112.0,0,,2024-05-27,97.0,-16.0
2024-06-08 19:05:00,2024-06-08 21:30:00,CAI,JED,Flynas,2 hr 25 min,112.0,0,,2024-05-27,97.0,-16.0
2024-06-08 22:00:00,2024-06-09 00:25:00,CAI,JED,Flynas,2 hr 25 min,120.0,0,,2024-05-27,97.0,-16.0
2024-06-08 18:55:00,2024-06-08 21:05:00,CAI,JED,FlyEgypt,2 hr 10 min,123.0,0,,2024-05-27,117.0,0.0
2024-06-08 09:45:00,2024-06-08 12:00:00,CAI,JED,Flyadeal,2 hr 15 min,128.0,0,,2024-05-27,110.0,0.0
2024-06-08 23:35:00,2024-06-09 01:45:00,CAI,JED,Flyadeal,2 hr 10 min,128.0,0,,2024-05-27,110.0,0.0
2024-06-08 05:40:00,2024-06-08 07:55:00,CAI,JED,Nile Air,2 hr 15 min,155.0,0,,2024-05-27,122.0,6.0
2024-06-08 00:55:00,2024-06-08 03:15:00,CAI,JED,Saudia,2 hr 20 min,277.0,0,,2024-05-27,115.0,0.0
2024-06-08 03:45:00,2024-06-08 06:05:00,CAI,JED,Saudia,2 hr 20 min,277.0,0,,2024-05-27,115.0,0.0
2024-06-08 06:00:00,2024-06-08 08:20:00,CAI,JED,Saudia,2 hr 20 min,277.0,0,,2024-05-27,115.0,0.0
2024-06-08 12:40:00,2024-06-08 15:00:00,CAI,JED,Saudia,2 hr 20 min,277.0,0,,2024-05-27,118.0,0.0
2024-06-08 15:10:00,2024-06-08 17:30:00,CAI,JED,Saudia,2 hr 20 min,277.0,0,,2024-05-27,115.0,0.0
2024-06-08 16:10:00,2024-06-08 18:30:00,CAI,JED,Saudia,2 hr 20 min,277.0,0,,2024-05-27,115.0,0.0
2024-06-08 17:50:00,2024-06-08 20:10:00,CAI,JED,Saudia,2 hr 20 min,277.0,0,,2024-05-27,115.0,0.0
2024-06-08 20:50:00,2024-06-08 23:10:00,CAI,JED,Saudia,2 hr 20 min,277.0,0,,2024-05-27,118.0,0.0
2024-06-08 23:05:00,2024-06-09 01:25:00,CAI,JED,Saudia,2 hr 20 min,277.0,0,,2024-05-27,115.0,0.0
2024-06-08 03:25:00,2024-06-08 05:40:00,CAI,JED,Price unavailable,2 hr 15 min,,0,,2024-05-27,114.0,0.0
2024-06-09 06:00:00,2024-06-09 08:10:00,CAI,JED,Air Arabia Egypt,2 hr 10 min,103.0,0,,2024-05-27,117.0,0.0
2024-06-09 04:20:00,2024-06-09 06:40:00,CAI,JED,Air Cairo,2 hr 20 min,104.0,0,,2024-05-27,113.0,0.0
2024-06-09 09:25:00,2024-06-09 11:50:00,CAI,JED,Flynas,2 hr 25 min,112.0,0,,2024-05-27,97.0,-16.0
2024-06-09 15:30:00,2024-06-09 17:40:00,CAI,JED,FlyEgypt,2 hr 10 min,113.0,0,,2024-05-27,117.0,0.0
2024-06-09 13:00:00,2024-06-09 15:15:00,CAI,JED,Price unavailable,2 hr 15 min,,0,,2024-05-27,114.0,0.0
2024-06-09 15:15:00,2024-06-09 17:15:00,CAI,JED,Price unavailable,2 hr,,0,,2024-05-27,163.0,42.0
2024-06-09 14:10:00,2024-06-09 16:30:00,CAI,JED,Air Cairo,2 hr 20 min,111.0,0,,2024-05-27,113.0,0.0
2024-06-09 20:05:00,2024-06-09 22:25:00,CAI,JED,Air Cairo,2 hr 20 min,111.0,0,,2024-05-27,113.0,0.0
2024-06-09 01:15:00,2024-06-09 03:40:00,CAI,JED,Flynas,2 hr 25 min,112.0,0,,2024-05-27,97.0,-16.0
2024-06-09 15:35:00,2024-06-09 18:00:00,CAI,JED,Flynas,2 hr 25 min,112.0,0,,2024-05-27,97.0,-16.0
2024-06-09 18:10:00,2024-06-09 20:35:00,CAI,JED,Flynas,2 hr 25 min,112.0,0,,2024-05-27,97.0,-16.0
2024-06-09 03:50:00,2024-06-09 06:00:00,CAI,JED,FlyEgypt,2 hr 10 min,113.0,0,,2024-05-27,117.0,0.0
2024-06-09 19:05:00,2024-06-09 21:30:00,CAI,JED,Flynas,2 hr 25 min,120.0,0,,2024-05-27,97.0,-16.0
2024-06-09 22:00:00,2024-06-10 00:25:00,CAI,JED,Flynas,2 hr 25 min,120.0,0,,2024-05-27,97.0,-16.0
2024-06-09 09:45:00,2024-06-09 12:00:00,CAI,JED,Flyadeal,2 hr 15 min,128.0,0,,2024-05-27,110.0,0.0
2024-06-09 23:35:00,2024-06-10 01:45:00,CAI,JED,Flyadeal,2 hr 10 min,128.0,0,,2024-05-27,110.0,0.0
2024-06-09 12:45:00,2024-06-09 15:00:00,CAI,JED,Nile Air,2 hr 15 min,171.0,0,,2024-05-27,122.0,6.0
2024-06-09 00:55:00,2024-06-09 03:15:00,CAI,JED,Saudia,2 hr 20 min,277.0,0,,2024-05-27,115.0,0.0
2024-06-09 03:45:00,2024-06-09 06:05:00,CAI,JED,Saudia,2 hr 20 min,277.0,0,,2024-05-27,115.0,0.0
2024-06-09 06:00:00,2024-06-09 08:20:00,CAI,JED,Saudia,2 hr 20 min,277.0,0,,2024-05-27,115.0,0.0
2024-06-09 12:40:00,2024-06-09 15:00:00,CAI,JED,Saudia,2 hr 20 min,277.0,0,,2024-05-27,115.0,0.0
2024-06-09 15:10:00,2024-06-09 17:30:00,CAI,JED,Saudia,2 hr 20 min,277.0,0,,2024-05-27,115.0,0.0
2024-06-09 16:10:00,2024-06-09 18:30:00,CAI,JED,Saudia,2 hr 20 min,277.0,0,,2024-05-27,115.0,0.0
2024-06-09 17:50:00,2024-06-09 20:10:00,CAI,JED,Saudia,2 hr 20 min,277.0,0,,2024-05-27,115.0,0.0
2024-06-09 20:50:00,2024-06-09 23:10:00,CAI,JED,Saudia,2 hr 20 min,277.0,0,,2024-05-27,118.0,0.0
2024-06-09 23:05:00,2024-06-10 01:25:00,CAI,JED,Saudia,2 hr 20 min,277.0,0,,2024-05-27,115.0,0.0
2024-06-09 05:45:00,2024-06-09 08:00:00,CAI,JED,Price unavailable,2 hr 15 min,,0,,2024-05-27,134.0,17.0
2024-06-10 06:00:00,2024-06-10 08:10:00,CAI,JED,Air Arabia Egypt,2 hr 10 min,101.0,0,,2024-05-27,117.0,0.0
2024-06-10 09:25:00,2024-06-10 11:50:00,CAI,JED,Flynas,2 hr 25 min,112.0,0,,2024-05-27,97.0,-16.0
2024-06-10 09:45:00,2024-06-10 12:00:00,CAI,JED,Flyadeal,2 hr 15 min,120.0,0,,2024-05-27,110.0,0.0
2024-06-10 11:15:00,2024-06-10 13:30:00,CAI,JED,Price unavailable,2 hr 15 min,,0,,2024-05-27,114.0,0.0
2024-06-10 01:15:00,2024-06-10 03:40:00,CAI,JED,Flynas,2 hr 25 min,112.0,0,,2024-05-27,97.0,-16.0
2024-06-10 19:05:00,2024-06-10 21:30:00,CAI,JED,Flynas,2 hr 25 min,112.0,0,,2024-05-27,97.0,-16.0
2024-06-10 22:00:00,2024-06-11 00:25:00,CAI,JED,Flynas,2 hr 25 min,112.0,0,,2024-05-27,97.0,-16.0
2024-06-10 15:35:00,2024-06-10 18:00:00,CAI,JED,Flynas,2 hr 25 min,120.0,0,,2024-05-27,97.0,-16.0
2024-06-10 18:10:00,2024-06-10 20:35:00,CAI,JED,Flynas,2 hr 25 min,120.0,0,,2024-05-27,97.0,-16.0
2024-06-10 21:15:00,2024-06-11 00:00:00,CAI,JED,Flyadeal,2 hr 45 min,120.0,0,,2024-05-27,110.0,0.0
2024-06-10 23:35:00,2024-06-11 01:45:00,CAI,JED,Flyadeal,2 hr 10 min,120.0,0,,2024-05-27,110.0,0.0
2024-06-10 15:00:00,2024-06-10 17:10:00,CAI,JED,FlyEgypt,2 hr 10 min,123.0,0,,2024-05-27,117.0,0.0
2024-06-10 10:20:00,2024-06-10 12:40:00,CAI,JED,Air Cairo,2 hr 20 min,127.0,0,,2024-05-27,113.0,0.0
2024-06-10 18:55:00,2024-06-10 21:15:00,CAI,JED,Air Cairo,2 hr 20 min,127.0,0,,2024-05-27,115.0,0.0
2024-06-10 04:40:00,2024-06-10 06:55:00,CAI,JED,Nile Air,2 hr 15 min,155.0,0,,2024-05-27,110.0,0.0
2024-06-10 13:45:00,2024-06-10 16:00:00,CAI,JED,Nile Air,2 hr 15 min,160.0,0,,2024-05-27,122.0,6.0
2024-06-10 04:00:00,2024-06-10 06:20:00,CAI,JED,Air Cairo,2 hr 20 min,168.0,0,,2024-05-27,113.0,0.0
2024-06-10 00:55:00,2024-06-10 03:15:00,CAI,JED,Saudia,2 hr 20 min,277.0,0,,2024-05-27,115.0,0.0
2024-06-10 03:45:00,2024-06-10 06:05:00,CAI,JED,Saudia,2 hr 20 min,277.0,0,,2024-05-27,115.0,0.0
2024-06-10 06:00:00,2024-06-10 08:20:00,CAI,JED,Saudia,2 hr 20 min,277.0,0,,2024-05-27,115.0,0.0
2024-06-10 12:40:00,2024-06-10 15:00:00,CAI,JED,Saudia,2 hr 20 min,277.0,0,,2024-05-27,115.0,0.0
2024-06-10 15:10:00,2024-06-10 17:30:00,CAI,JED,Saudia,2 hr 20 min,277.0,0,,2024-05-27,115.0,0.0
2024-06-10 16:10:00,2024-06-10 18:30:00,CAI,JED,Saudia,2 hr 20 min,277.0,0,,2024-05-27,115.0,0.0
2024-06-10 17:50:00,2024-06-10 20:10:00,CAI,JED,Saudia,2 hr 20 min,277.0,0,,2024-05-27,115.0,0.0
2024-06-10 20:50:00,2024-06-10 23:10:00,CAI,JED,Saudia,2 hr 20 min,277.0,0,,2024-05-27,118.0,0.0
2024-06-10 23:05:00,2024-06-11 01:25:00,CAI,JED,Saudia,2 hr 20 min,277.0,0,,2024-05-27,115.0,0.0
2024-06-10 03:25:00,2024-06-10 05:40:00,CAI,JED,Price unavailable,2 hr 15 min,,0,,2024-05-27,134.0,17.0
2024-06-10 03:50:00,2024-06-10 06:05:00,CAI,JED,Price unavailable,2 hr 15 min,,0,,2024-05-27,114.0,0.0
2024-06-10 06:00:00,2024-06-10 08:15:00,CAI,JED,Price unavailable,2 hr 15 min,,0,,2024-05-27,114.0,0.0
2024-06-11 01:15:00,2024-06-11 03:40:00,CAI,JED,Flynas,2 hr 25 min,112.0,0,,2024-05-27,97.0,-16.0
2024-06-11 04:20:00,2024-06-11 06:40:00,CAI,JED,Air Cairo,2 hr 20 min,118.0,0,,2024-05-27,115.0,0.0
2024-06-11 09:45:00,2024-06-11 12:00:00,CAI,JED,Flyadeal,2 hr 15 min,120.0,0,,2024-05-27,110.0,0.0
2024-06-11 14:05:00,2024-06-11 16:20:00,CAI,JED,Price unavailable,2 hr 15 min,,0,,2024-05-27,114.0,0.0
2024-06-11 15:35:00,2024-06-11 18:00:00,CAI,JED,Flynas,2 hr 25 min,112.0,0,,2024-05-27,97.0,-16.0
2024-06-11 18:10:00,2024-06-11 20:35:00,CAI,JED,Flynas,2 hr 25 min,112.0,0,,2024-05-27,97.0,-16.0
2024-06-11 09:25:00,2024-06-11 11:50:00,CAI,JED,Flynas,2 hr 25 min,120.0,0,,2024-05-27,97.0,-16.0
2024-06-11 19:05:00,2024-06-11 21:30:00,CAI,JED,Flynas,2 hr 25 min,120.0,0,,2024-05-27,97.0,-16.0
2024-06-11 21:15:00,2024-06-12 00:00:00,CAI,JED,Flyadeal,2 hr 45 min,120.0,0,,2024-05-27,110.0,0.0
2024-06-11 22:00:00,2024-06-12 00:25:00,CAI,JED,Flynas,2 hr 25 min,120.0,0,,2024-05-27,97.0,-16.0
2024-06-11 23:35:00,2024-06-12 01:45:00,CAI,JED,Flyadeal,2 hr 10 min,120.0,0,,2024-05-27,110.0,0.0
2024-06-11 14:55:00,2024-06-11 17:05:00,CAI,JED,FlyEgypt,2 hr 10 min,123.0,0,,2024-05-27,117.0,0.0
2024-06-11 06:00:00,2024-06-11 08:10:00,CAI,JED,Air Arabia Egypt,2 hr 10 min,129.0,0,,2024-05-27,117.0,0.0
2024-06-11 11:25:00,2024-06-11 13:45:00,CAI,JED,Air Cairo,2 hr 20 min,136.0,0,,2024-05-27,115.0,0.0
2024-06-11 15:20:00,2024-06-11 17:30:00,CAI,JED,EgyptAir,2 hr 10 min,143.0,0,,2024-05-27,142.0,23.0
2024-06-11 19:50:00,2024-06-11 22:00:00,CAI,JED,EgyptAir,2 hr 10 min,143.0,0,,2024-05-27,139.0,21.0
2024-06-11 21:20:00,2024-06-11 23:30:00,CAI,JED,EgyptAir,2 hr 10 min,143.0,0,,2024-05-27,134.0,17.0
2024-06-11 06:15:00,2024-06-11 08:30:00,CAI,JED,Nile Air,2 hr 15 min,145.0,0,,2024-05-27,122.0,6.0
2024-06-11 12:45:00,2024-06-11 15:00:00,CAI,JED,Nile Air,2 hr 15 min,145.0,0,,2024-05-27,122.0,6.0
2024-06-11 17:00:00,2024-06-11 19:15:00,CAI,JED,Nile Air,2 hr 15 min,150.0,0,,2024-05-27,121.0,0.0
2024-06-11 00:25:00,2024-06-11 02:40:00,CAI,JED,Nile Air,2 hr 15 min,155.0,0,,2024-05-27,121.0,0.0
2024-06-11 14:30:00,2024-06-11 16:45:00,CAI,JED,Nile Air,2 hr 15 min,155.0,0,,2024-05-27,110.0,0.0
2024-06-11 19:10:00,2024-06-11 21:30:00,CAI,JED,Air Cairo,2 hr 20 min,179.0,0,,2024-05-27,115.0,0.0
2024-06-11 08:00:00,2024-06-11 10:10:00,CAI,JED,EgyptAir,2 hr 10 min,187.0,0,,2024-05-27,142.0,23.0
2024-06-11 00:55:00,2024-06-11 03:15:00,CAI,JED,Saudia,2 hr 20 min,311.0,0,,2024-05-27,115.0,0.0
2024-06-11 03:45:00,2024-06-11 06:05:00,CAI,JED,Saudia,2 hr 20 min,311.0,0,,2024-05-27,115.0,0.0
2024-06-11 06:00:00,2024-06-11 08:20:00,CAI,JED,Saudia,2 hr 20 min,311.0,0,,2024-05-27,115.0,0.0
2024-06-11 15:10:00,2024-06-11 17:30:00,CAI,JED,Saudia,2 hr 20 min,311.0,0,,2024-05-27,115.0,0.0
2024-06-11 16:10:00,2024-06-11 18:30:00,CAI,JED,Saudia,2 hr 20 min,311.0,0,,2024-05-27,115.0,0.0
2024-06-11 17:50:00,2024-06-11 20:10:00,CAI,JED,Saudia,2 hr 20 min,311.0,0,,2024-05-27,115.0,0.0
2024-06-11 20:50:00,2024-06-11 23:10:00,CAI,JED,Saudia,2 hr 20 min,311.0,0,,2024-05-27,118.0,0.0
2024-06-11 23:05:00,2024-06-12 01:20:00,CAI,JED,Saudia,2 hr 15 min,311.0,0,,2024-05-27,115.0,0.0
2024-06-11 12:40:00,2024-06-11 15:00:00,CAI,JED,Saudia,2 hr 20 min,358.0,0,,2024-05-27,118.0,0.0
2024-06-11 04:20:00,2024-06-11 06:35:00,CAI,JED,Price unavailable,2 hr 15 min,,0,,2024-05-27,114.0,0.0
2024-06-11 04:40:00,2024-06-11 07:10:00,CAI,JED,Price unavailable,2 hr 30 min,,0,,2024-05-27,114.0,0.0
2024-06-12 09:25:00,2024-06-12 11:50:00,CAI,JED,Flynas,2 hr 25 min,112.0,0,,2024-05-27,97.0,-16.0
2024-06-12 15:10:00,2024-06-12 17:20:00,CAI,JED,FlyEgypt,2 hr 10 min,113.0,0,,2024-05-27,,
2024-06-12 09:45:00,2024-06-12 12:00:00,CAI,JED,Flyadeal,2 hr 15 min,120.0,0,,2024-05-27,110.0,0.0
2024-06-12 10:00:00,2024-06-12 12:00:00,CAI,JED,Price unavailable,2 hr,,0,,2024-05-27,163.0,42.0
2024-06-12 11:35:00,2024-06-12 13:50:00,CAI,JED,Price unavailable,2 hr 15 min,,0,,2024-05-27,114.0,0.0
2024-06-12 01:15:00,2024-06-12 03:40:00,CAI,JED,Flynas,2 hr 25 min,112.0,0,,2024-05-27,97.0,-16.0
2024-06-12 22:00:00,2024-06-13 00:25:00,CAI,JED,Flynas,2 hr 25 min,112.0,0,,2024-05-27,97.0,-16.0
2024-06-12 00:35:00,2024-06-12 02:45:00,CAI,JED,FlyEgypt,2 hr 10 min,113.0,0,,2024-05-27,,
2024-06-12 18:35:00,2024-06-12 20:40:00,CAI,JED,FlyEgypt,2 hr 5 min,113.0,0,,2024-05-27,117.0,0.0
2024-06-12 06:50:00,2024-06-12 09:10:00,CAI,JED,Air Cairo,2 hr 20 min,118.0,0,,2024-05-27,113.0,0.0
2024-06-12 15:35:00,2024-06-12 18:00:00,CAI,JED,Flynas,2 hr 25 min,120.0,0,,2024-05-27,97.0,-16.0
2024-06-12 18:10:00,2024-06-12 20:35:00,CAI,JED,Flynas,2 hr 25 min,120.0,0,,2024-05-27,97.0,-16.0
2024-06-12 19:05:00,2024-06-12 21:30:00,CAI,JED,Flynas,2 hr 25 min,120.0,0,,2024-05-27,97.0,-16.0
2024-06-12 23:35:00,2024-06-13 01:45:00,CAI,JED,Flyadeal,2 hr 10 min,120.0,0,,2024-05-27,110.0,0.0
2024-06-12 04:00:00,2024-06-12 06:20:00,CAI,JED,Air Cairo,2 hr 20 min,127.0,0,,2024-05-27,115.0,0.0
2024-06-12 06:00:00,2024-06-12 08:10:00,CAI,JED,Air Arabia Egypt,2 hr 10 min,129.0,0,,2024-05-27,117.0,0.0
2024-06-12 00:30:00,2024-06-12 02:40:00,CAI,JED,EgyptAir,2 hr 10 min,137.0,0,,2024-05-27,142.0,23.0
2024-06-12 02:35:00,2024-06-12 04:45:00,CAI,JED,EgyptAir,2 hr 10 min,137.0,0,,2024-05-27,114.0,0.0
2024-06-12 08:00:00,2024-06-12 10:10:00,CAI,JED,EgyptAir,2 hr 10 min,137.0,0,,2024-05-27,142.0,23.0
2024-06-12 15:20:00,2024-06-12 17:30:00,CAI,JED,EgyptAir,2 hr 10 min,137.0,0,,2024-05-27,142.0,23.0
2024-06-12 19:50:00,2024-06-12 22:00:00,CAI,JED,EgyptAir,2 hr 10 min,143.0,0,,2024-05-27,139.0,21.0
2024-06-12 21:20:00,2024-06-12 23:30:00,CAI,JED,EgyptAir,2 hr 10 min,143.0,0,,2024-05-27,134.0,17.0
2024-06-12 05:40:00,2024-06-12 07:55:00,CAI,JED,Nile Air,2 hr 15 min,145.0,0,,2024-05-27,122.0,6.0
2024-06-12 20:40:00,2024-06-12 22:55:00,CAI,JED,Nile Air,2 hr 15 min,155.0,0,,2024-05-27,122.0,6.0
2024-06-12 12:45:00,2024-06-12 15:00:00,CAI,JED,Nile Air,2 hr 15 min,160.0,0,,2024-05-27,122.0,6.0
2024-06-12 00:55:00,2024-06-12 03:15:00,CAI,JED,Saudia,2 hr 20 min,277.0,0,,2024-05-27,115.0,0.0
2024-06-12 03:45:00,2024-06-12 06:05:00,CAI,JED,Saudia,2 hr 20 min,277.0,0,,2024-05-27,115.0,0.0
2024-06-12 06:15:00,2024-06-12 08:35:00,CAI,JED,Saudia,2 hr 20 min,277.0,0,,2024-05-27,115.0,0.0
2024-06-12 12:40:00,2024-06-12 15:00:00,CAI,JED,Saudia,2 hr 20 min,277.0,0,,2024-05-27,115.0,0.0
2024-06-12 15:10:00,2024-06-12 17:30:00,CAI,JED,Saudia,2 hr 20 min,277.0,0,,2024-05-27,115.0,0.0
2024-06-12 16:10:00,2024-06-12 18:30:00,CAI,JED,Saudia,2 hr 20 min,277.0,0,,2024-05-27,115.0,0.0
2024-06-12 17:50:00,2024-06-12 20:10:00,CAI,JED,Saudia,2 hr 20 min,277.0,0,,2024-05-27,118.0,0.0
2024-06-12 20:50:00,2024-06-12 23:10:00,CAI,JED,Saudia,2 hr 20 min,277.0,0,,2024-05-27,118.0,0.0
2024-06-12 23:05:00,2024-06-13 01:25:00,CAI,JED,Saudia,2 hr 20 min,277.0,0,,2024-05-27,115.0,0.0
2024-06-12 03:25:00,2024-06-12 05:40:00,CAI,JED,Price unavailable,2 hr 15 min,,0,,2024-05-27,114.0,0.0
2024-06-12 06:30:00,2024-06-12 08:45:00,CAI,JED,Price unavailable,2 hr 15 min,,0,,2024-05-27,114.0,0.0
2024-06-13 06:00:00,2024-06-13 08:10:00,CAI,JED,Air Arabia Egypt,2 hr 10 min,103.0,0,,2024-05-27,117.0,0.0
2024-06-13 10:20:00,2024-06-13 12:40:00,CAI,JED,Air Cairo,2 hr 20 min,111.0,0,,2024-05-27,113.0,0.0
2024-06-13 01:15:00,2024-06-13 03:40:00,CAI,JED,Flynas,2 hr 25 min,112.0,0,,2024-05-27,97.0,-16.0
2024-06-13 14:35:00,2024-06-13 16:45:00,CAI,JED,FlyEgypt,2 hr 10 min,113.0,0,,2024-05-27,,
2024-06-13 09:45:00,2024-06-13 12:00:00,CAI,JED,Flyadeal,2 hr 15 min,120.0,0,,2024-05-27,110.0,0.0
2024-06-13 11:35:00,2024-06-13 13:50:00,CAI,JED,Price unavailable,2 hr 15 min,,0,,2024-05-27,114.0,0.0
2024-06-13 18:10:00,2024-06-13 20:35:00,CAI,JED,Flynas,2 hr 25 min,112.0,0,,2024-05-27,97.0,-16.0
2024-06-13 19:05:00,2024-06-13 21:30:00,CAI,JED,Flynas,2 hr 25 min,112.0,0,,2024-05-27,97.0,-16.0
2024-06-13 03:45:00,2024-06-13 06:05:00,CAI,JED,Air Cairo,2 hr 20 min,118.0,0,,2024-05-27,113.0,0.0
2024-06-13 18:55:00,2024-06-13 21:15:00,CAI,JED,Air Cairo,2 hr 20 min,118.0,0,,2024-05-27,113.0,0.0
2024-06-13 09:25:00,2024-06-13 11:50:00,CAI,JED,Flynas,2 hr 25 min,120.0,0,,2024-05-27,97.0,-16.0
2024-06-13 15:35:00,2024-06-13 18:00:00,CAI,JED,Flynas,2 hr 25 min,120.0,0,,2024-05-27,97.0,-16.0
2024-06-13 22:00:00,2024-06-14 00:25:00,CAI,JED,Flynas,2 hr 25 min,120.0,0,,2024-05-27,97.0,-16.0
2024-06-13 23:35:00,2024-06-14 01:45:00,CAI,JED,Flyadeal,2 hr 10 min,128.0,0,,2024-05-27,110.0,0.0
2024-06-13 00:30:00,2024-06-13 02:40:00,CAI,JED,EgyptAir,2 hr 10 min,137.0,0,,2024-05-27,142.0,23.0
2024-06-13 02:35:00,2024-06-13 04:45:00,CAI,JED,EgyptAir,2 hr 10 min,137.0,0,,2024-05-27,114.0,0.0
2024-06-13 08:00:00,2024-06-13 10:10:00,CAI,JED,EgyptAir,2 hr 10 min,137.0,0,,2024-05-27,142.0,23.0
2024-06-13 11:15:00,2024-06-13 13:25:00,CAI,JED,EgyptAir,2 hr 10 min,137.0,0,,2024-05-27,139.0,21.0
2024-06-13 15:20:00,2024-06-13 17:30:00,CAI,JED,EgyptAir,2 hr 10 min,137.0,0,,2024-05-27,142.0,23.0
2024-06-13 21:20:00,2024-06-13 23:30:00,CAI,JED,EgyptAir,2 hr 10 min,137.0,0,,2024-05-27,139.0,21.0
2024-06-13 04:50:00,2024-06-13 07:05:00,CAI,JED,Nile Air,2 hr 15 min,145.0,0,,2024-05-27,122.0,6.0
2024-06-13 19:50:00,2024-06-13 22:00:00,CAI,JED,EgyptAir,2 hr 10 min,152.0,0,,2024-05-27,139.0,21.0
2024-06-13 12:45:00,2024-06-13 15:00:00,CAI,JED,Nile Air,2 hr 15 min,160.0,0,,2024-05-27,122.0,6.0
2024-06-13 00:55:00,2024-06-13 03:15:00,CAI,JED,Saudia,2 hr 20 min,277.0,0,,2024-05-27,115.0,0.0
2024-06-13 03:45:00,2024-06-13 06:05:00,CAI,JED,Saudia,2 hr 20 min,277.0,0,,2024-05-27,115.0,0.0
2024-06-13 06:00:00,2024-06-13 08:20:00,CAI,JED,Saudia,2 hr 20 min,277.0,0,,2024-05-27,115.0,0.0
2024-06-13 12:40:00,2024-06-13 15:00:00,CAI,JED,Saudia,2 hr 20 min,277.0,0,,2024-05-27,115.0,0.0
2024-06-13 15:10:00,2024-06-13 17:30:00,CAI,JED,Saudia,2 hr 20 min,277.0,0,,2024-05-27,115.0,0.0
2024-06-13 16:10:00,2024-06-13 18:30:00,CAI,JED,Saudia,2 hr 20 min,277.0,0,,2024-05-27,115.0,0.0
2024-06-13 17:50:00,2024-06-13 20:10:00,CAI,JED,Saudia,2 hr 20 min,277.0,0,,2024-05-27,115.0,0.0
2024-06-13 20:50:00,2024-06-13 23:10:00,CAI,JED,Saudia,2 hr 20 min,277.0,0,,2024-05-27,118.0,0.0
2024-06-13 23:05:00,2024-06-14 01:25:00,CAI,JED,Saudia,2 hr 20 min,277.0,0,,2024-05-27,115.0,0.0
2024-06-13 04:05:00,2024-06-13 06:20:00,CAI,JED,Price unavailable,2 hr 15 min,,0,,2024-05-27,134.0,17.0
2024-06-14 09:45:00,2024-06-14 12:00:00,CAI,JED,Flyadeal,2 hr 15 min,70.0,0,,2024-05-27,110.0,0.0
2024-06-14 23:35:00,2024-06-15 01:45:00,CAI,JED,Flyadeal,2 hr 10 min,70.0,0,,2024-05-27,110.0,0.0
2024-06-14 09:25:00,2024-06-14 11:50:00,CAI,JED,Flynas,2 hr 25 min,88.0,0,,2024-05-27,97.0,-16.0
2024-06-14 12:45:00,2024-06-14 15:00:00,CAI,JED,Nile Air,2 hr 15 min,91.0,0,,2024-05-27,,
2024-06-14 09:15:00,2024-06-14 11:30:00,CAI,JED,Price unavailable,2 hr 15 min,,0,,2024-05-27,134.0,17.0
2024-06-14 21:15:00,2024-06-15 00:00:00,CAI,JED,Flyadeal,2 hr 45 min,70.0,0,,2024-05-27,110.0,0.0
2024-06-14 19:05:00,2024-06-14 21:30:00,CAI,JED,Flynas,2 hr 25 min,94.0,0,,2024-05-27,97.0,-16.0
2024-06-14 22:00:00,2024-06-15 00:25:00,CAI,JED,Flynas,2 hr 25 min,94.0,0,,2024-05-27,97.0,-16.0
2024-06-14 15:35:00,2024-06-14 18:00:00,CAI,JED,Flynas,2 hr 25 min,99.0,0,,2024-05-27,97.0,-16.0
2024-06-14 18:10:00,2024-06-14 20:35:00,CAI,JED,Flynas,2 hr 25 min,99.0,0,,2024-05-27,97.0,-16.0
2024-06-14 06:00:00,2024-06-14 08:10:00,CAI,JED,Air Arabia Egypt,2 hr 10 min,103.0,0,,2024-05-27,117.0,0.0
2024-06-14 04:20:00,2024-06-14 06:40:00,CAI,JED,Air Cairo,2 hr 20 min,104.0,0,,2024-05-27,113.0,0.0
2024-06-14 10:20:00,2024-06-14 12:40:00,CAI,JED,Air Cairo,2 hr 20 min,104.0,0,,2024-05-27,113.0,0.0
2024-06-14 20:10:00,2024-06-14 22:30:00,CAI,JED,Air Cairo,2 hr 20 min,104.0,0,,2024-05-27,113.0,0.0
2024-06-14 01:15:00,2024-06-14 03:40:00,CAI,JED,Flynas,2 hr 25 min,104.0,0,,2024-05-27,97.0,-16.0
2024-06-14 17:45:00,2024-06-14 19:55:00,CAI,JED,FlyEgypt,2 hr 10 min,113.0,0,,2024-05-27,117.0,0.0
2024-06-14 05:40:00,2024-06-14 07:55:00,CAI,JED,Nile Air,2 hr 15 min,116.0,0,,2024-05-27,122.0,6.0
2024-06-14 00:30:00,2024-06-14 02:40:00,CAI,JED,EgyptAir,2 hr 10 min,137.0,0,,2024-05-27,142.0,23.0
2024-06-14 02:35:00,2024-06-14 04:45:00,CAI,JED,EgyptAir,2 hr 10 min,137.0,0,,2024-05-27,142.0,23.0
2024-06-14 08:00:00,2024-06-14 10:10:00,CAI,JED,EgyptAir,2 hr 10 min,137.0,0,,2024-05-27,142.0,23.0
2024-06-14 15:20:00,2024-06-14 17:30:00,CAI,JED,EgyptAir,2 hr 10 min,137.0,0,,2024-05-27,142.0,23.0
2024-06-14 19:50:00,2024-06-14 22:00:00,CAI,JED,EgyptAir,2 hr 10 min,137.0,0,,2024-05-27,139.0,21.0
2024-06-14 21:20:00,2024-06-14 23:30:00,CAI,JED,EgyptAir,2 hr 10 min,137.0,0,,2024-05-27,139.0,21.0
2024-06-14 00:55:00,2024-06-14 03:15:00,CAI,JED,Saudia,2 hr 20 min,277.0,0,,2024-05-27,115.0,0.0
2024-06-14 03:45:00,2024-06-14 06:05:00,CAI,JED,Saudia,2 hr 20 min,277.0,0,,2024-05-27,115.0,0.0
2024-06-14 06:00:00,2024-06-14 08:20:00,CAI,JED,Saudia,2 hr 20 min,277.0,0,,2024-05-27,115.0,0.0
2024-06-14 12:40:00,2024-06-14 15:00:00,CAI,JED,Saudia,2 hr 20 min,277.0,0,,2024-05-27,115.0,0.0
2024-06-14 15:10:00,2024-06-14 17:30:00,CAI,JED,Saudia,2 hr 20 min,277.0,0,,2024-05-27,115.0,0.0
2024-06-14 16:10:00,2024-06-14 18:30:00,CAI,JED,Saudia,2 hr 20 min,277.0,0,,2024-05-27,115.0,0.0
2024-06-14 17:50:00,2024-06-14 20:10:00,CAI,JED,Saudia,2 hr 20 min,277.0,0,,2024-05-27,115.0,0.0
2024-06-14 20:50:00,2024-06-14 23:10:00,CAI,JED,Saudia,2 hr 20 min,277.0,0,,2024-05-27,115.0,0.0
2024-06-14 23:05:00,2024-06-15 01:25:00,CAI,JED,Saudia,2 hr 20 min,277.0,0,,2024-05-27,115.0,0.0
2024-06-14 03:25:00,2024-06-14 05:40:00,CAI,JED,Price unavailable,2 hr 15 min,,0,,2024-05-27,114.0,0.0
2024-06-14 18:25:00,2024-06-14 20:40:00,CAI,JED,Price unavailable,2 hr 15 min,,0,,2024-05-27,114.0,0.0
2024-06-15 09:45:00,2024-06-15 12:00:00,CAI,JED,Flyadeal,2 hr 15 min,70.0,0,,2024-05-27,110.0,0.0
2024-06-15 09:25:00,2024-06-15 11:50:00,CAI,JED,Flynas,2 hr 25 min,88.0,0,,2024-05-27,97.0,-16.0
2024-06-15 05:40:00,2024-06-15 07:55:00,CAI,JED,Nile Air,2 hr 15 min,91.0,0,,2024-05-27,,
2024-06-15 18:25:00,2024-06-15 20:40:00,CAI,JED,Price unavailable,2 hr 15 min,,0,,2024-05-27,114.0,0.0
2024-06-15 01:15:00,2024-06-15 03:40:00,CAI,JED,Flynas,2 hr 25 min,88.0,0,,2024-05-27,97.0,-16.0
2024-06-15 18:10:00,2024-06-15 20:35:00,CAI,JED,Flynas,2 hr 25 min,88.0,0,,2024-05-27,97.0,-16.0
2024-06-15 19:05:00,2024-06-15 21:30:00,CAI,JED,Flynas,2 hr 25 min,88.0,0,,2024-05-27,97.0,-16.0
2024-06-15 22:00:00,2024-06-16 00:25:00,CAI,JED,Flynas,2 hr 25 min,88.0,0,,2024-05-27,97.0,-16.0
2024-06-15 18:55:00,2024-06-15 21:05:00,CAI,JED,FlyEgypt,2 hr 10 min,97.0,0,,2024-05-27,117.0,0.0
2024-06-15 15:35:00,2024-06-15 18:00:00,CAI,JED,Flynas,2 hr 25 min,99.0,0,,2024-05-27,97.0,-16.0
2024-06-15 08:00:00,2024-06-15 10:10:00,CAI,JED,Air Arabia Egypt,2 hr 10 min,103.0,0,,2024-05-27,117.0,0.0
2024-06-15 04:20:00,2024-06-15 06:40:00,CAI,JED,Air Cairo,2 hr 20 min,104.0,0,,2024-05-27,113.0,0.0
2024-06-15 11:15:00,2024-06-15 13:35:00,CAI,JED,Air Cairo,2 hr 20 min,104.0,0,,2024-05-27,113.0,0.0
2024-06-15 23:35:00,2024-06-16 01:45:00,CAI,JED,Flyadeal,2 hr 10 min,120.0,0,,2024-05-27,110.0,0.0
2024-06-15 00:30:00,2024-06-15 02:40:00,CAI,JED,EgyptAir,2 hr 10 min,137.0,0,,2024-05-27,142.0,23.0
2024-06-15 02:35:00,2024-06-15 04:45:00,CAI,JED,EgyptAir,2 hr 10 min,137.0,0,,2024-05-27,142.0,23.0
2024-06-15 08:00:00,2024-06-15 10:10:00,CAI,JED,EgyptAir,2 hr 10 min,137.0,0,,2024-05-27,142.0,23.0
2024-06-15 09:45:00,2024-06-15 11:55:00,CAI,JED,EgyptAir,2 hr 10 min,137.0,0,,2024-05-27,139.0,21.0
2024-06-15 15:20:00,2024-06-15 17:30:00,CAI,JED,EgyptAir,2 hr 10 min,137.0,0,,2024-05-27,142.0,23.0
2024-06-15 19:50:00,2024-06-15 22:00:00,CAI,JED,EgyptAir,2 hr 10 min,137.0,0,,2024-05-27,139.0,21.0
2024-06-15 21:20:00,2024-06-15 23:30:00,CAI,JED,EgyptAir,2 hr 10 min,137.0,0,,2024-05-27,139.0,21.0
2024-06-15 00:55:00,2024-06-15 03:15:00,CAI,JED,Saudia,2 hr 20 min,157.0,0,,2024-05-27,115.0,0.0
2024-06-15 03:45:00,2024-06-15 06:05:00,CAI,JED,Saudia,2 hr 20 min,157.0,0,,2024-05-27,115.0,0.0
2024-06-15 06:00:00,2024-06-15 08:20:00,CAI,JED,Saudia,2 hr 20 min,157.0,0,,2024-05-27,115.0,0.0
2024-06-15 12:40:00,2024-06-15 15:00:00,CAI,JED,Saudia,2 hr 20 min,157.0,0,,2024-05-27,115.0,0.0
2024-06-15 15:10:00,2024-06-15 17:30:00,CAI,JED,Saudia,2 hr 20 min,157.0,0,,2024-05-27,115.0,0.0
2024-06-15 16:10:00,2024-06-15 18:30:00,CAI,JED,Saudia,2 hr 20 min,157.0,0,,2024-05-27,115.0,0.0
2024-06-15 17:50:00,2024-06-15 20:10:00,CAI,JED,Saudia,2 hr 20 min,157.0,0,,2024-05-27,115.0,0.0
2024-06-15 20:50:00,2024-06-15 23:10:00,CAI,JED,Saudia,2 hr 20 min,157.0,0,,2024-05-27,115.0,0.0
2024-06-15 23:05:00,2024-06-16 01:25:00,CAI,JED,Saudia,2 hr 20 min,157.0,0,,2024-05-27,115.0,0.0
2024-06-15 03:25:00,2024-06-15 05:40:00,CAI,JED,Price unavailable,2 hr 15 min,,0,,2024-05-27,114.0,0.0
2024-06-16 09:25:00,2024-06-16 11:50:00,CAI,JED,Flynas,2 hr 25 min,88.0,0,,2024-05-27,97.0,-16.0
2024-06-16 12:45:00,2024-06-16 15:00:00,CAI,JED,Nile Air,2 hr 15 min,91.0,0,,2024-05-27,,
2024-06-16 15:30:00,2024-06-16 17:40:00,CAI,JED,FlyEgypt,2 hr 10 min,97.0,0,,2024-05-27,117.0,0.0
2024-06-16 13:00:00,2024-06-16 15:15:00,CAI,JED,Price unavailable,2 hr 15 min,,0,,2024-05-27,134.0,17.0
2024-06-16 15:15:00,2024-06-16 17:15:00,CAI,JED,Price unavailable,2 hr,,0,,2024-05-27,163.0,42.0
2024-06-16 01:15:00,2024-06-16 03:40:00,CAI,JED,Flynas,2 hr 25 min,88.0,0,,2024-05-27,97.0,-16.0
2024-06-16 19:05:00,2024-06-16 21:30:00,CAI,JED,Flynas,2 hr 25 min,94.0,0,,2024-05-27,97.0,-16.0
2024-06-16 03:50:00,2024-06-16 06:00:00,CAI,JED,FlyEgypt,2 hr 10 min,97.0,0,,2024-05-27,117.0,0.0
2024-06-16 18:10:00,2024-06-16 20:35:00,CAI,JED,Flynas,2 hr 25 min,99.0,0,,2024-05-27,97.0,-16.0
2024-06-16 22:00:00,2024-06-17 00:25:00,CAI,JED,Flynas,2 hr 25 min,99.0,0,,2024-05-27,97.0,-16.0
2024-06-16 06:00:00,2024-06-16 08:10:00,CAI,JED,Air Arabia Egypt,2 hr 10 min,103.0,0,,2024-05-27,117.0,0.0
2024-06-16 04:20:00,2024-06-16 06:40:00,CAI,JED,Air Cairo,2 hr 20 min,104.0,0,,2024-05-27,113.0,0.0
2024-06-16 14:10:00,2024-06-16 16:30:00,CAI,JED,Air Cairo,2 hr 20 min,104.0,0,,2024-05-27,113.0,0.0
2024-06-16 15:35:00,2024-06-16 18:00:00,CAI,JED,Flynas,2 hr 25 min,104.0,0,,2024-05-27,97.0,-16.0
2024-06-16 20:05:00,2024-06-16 22:25:00,CAI,JED,Air Cairo,2 hr 20 min,104.0,0,,2024-05-27,113.0,0.0
2024-06-16 23:35:00,2024-06-17 01:45:00,CAI,JED,Flyadeal,2 hr 10 min,136.0,0,,2024-05-27,110.0,0.0
2024-06-16 00:30:00,2024-06-16 02:40:00,CAI,JED,EgyptAir,2 hr 10 min,137.0,0,,2024-05-27,142.0,23.0
2024-06-16 02:35:00,2024-06-16 04:45:00,CAI,JED,EgyptAir,2 hr 10 min,137.0,0,,2024-05-27,114.0,0.0
2024-06-16 08:00:00,2024-06-16 10:10:00,CAI,JED,EgyptAir,2 hr 10 min,137.0,0,,2024-05-27,142.0,23.0
2024-06-16 15:20:00,2024-06-16 17:30:00,CAI,JED,EgyptAir,2 hr 10 min,137.0,0,,2024-05-27,142.0,23.0
2024-06-16 05:20:00,2024-06-16 07:30:00,CAI,JED,EgyptAir,2 hr 10 min,138.0,0,,2024-05-27,113.0,0.0
2024-06-16 21:20:00,2024-06-16 23:30:00,CAI,JED,EgyptAir,2 hr 10 min,143.0,0,,2024-05-27,139.0,21.0
2024-06-16 09:45:00,2024-06-16 12:00:00,CAI,JED,Flyadeal,2 hr 15 min,147.0,0,,2024-05-27,110.0,0.0
2024-06-16 19:50:00,2024-06-16 22:00:00,CAI,JED,EgyptAir,2 hr 10 min,152.0,0,,2024-05-27,139.0,21.0
2024-06-16 00:55:00,2024-06-16 03:15:00,CAI,JED,Saudia,2 hr 20 min,157.0,0,,2024-05-27,115.0,0.0
2024-06-16 03:45:00,2024-06-16 06:05:00,CAI,JED,Saudia,2 hr 20 min,157.0,0,,2024-05-27,115.0,0.0
2024-06-16 06:00:00,2024-06-16 08:20:00,CAI,JED,Saudia,2 hr 20 min,157.0,0,,2024-05-27,115.0,0.0
2024-06-16 12:40:00,2024-06-16 15:00:00,CAI,JED,Saudia,2 hr 20 min,157.0,0,,2024-05-27,115.0,0.0
2024-06-16 15:10:00,2024-06-16 17:30:00,CAI,JED,Saudia,2 hr 20 min,157.0,0,,2024-05-27,115.0,0.0
2024-06-16 16:10:00,2024-06-16 18:30:00,CAI,JED,Saudia,2 hr 20 min,157.0,0,,2024-05-27,115.0,0.0
2024-06-16 17:50:00,2024-06-16 20:10:00,CAI,JED,Saudia,2 hr 20 min,157.0,0,,2024-05-27,115.0,0.0
2024-06-16 20:50:00,2024-06-16 23:10:00,CAI,JED,Saudia,2 hr 20 min,157.0,0,,2024-05-27,115.0,0.0
2024-06-16 23:05:00,2024-06-17 01:25:00,CAI,JED,Saudia,2 hr 20 min,157.0,0,,2024-05-27,115.0,0.0
2024-06-16 05:45:00,2024-06-16 08:00:00,CAI,JED,Price unavailable,2 hr 15 min,,0,,2024-05-27,134.0,17.0
2024-06-17 01:15:00,2024-06-17 03:40:00,CAI,JED,Flynas,2 hr 25 min,99.0,0,,2024-05-27,97.0,-16.0
2024-06-17 06:00:00,2024-06-17 08:10:00,CAI,JED,Air Arabia Egypt,2 hr 10 min,103.0,0,,2024-05-27,117.0,0.0
2024-06-17 04:00:00,2024-06-17 06:20:00,CAI,JED,Air Cairo,2 hr 20 min,104.0,0,,2024-05-27,113.0,0.0
2024-06-17 11:15:00,2024-06-17 13:30:00,CAI,JED,Price unavailable,2 hr 15 min,,0,,2024-05-27,114.0,0.0
2024-06-17 18:55:00,2024-06-17 21:15:00,CAI,JED,Air Cairo,2 hr 20 min,104.0,0,,2024-05-27,115.0,0.0
2024-06-17 19:05:00,2024-06-17 21:30:00,CAI,JED,Flynas,2 hr 25 min,104.0,0,,2024-05-27,97.0,-16.0
2024-06-17 22:00:00,2024-06-18 00:25:00,CAI,JED,Flynas,2 hr 25 min,104.0,0,,2024-05-27,97.0,-16.0
2024-06-17 10:20:00,2024-06-17 12:40:00,CAI,JED,Air Cairo,2 hr 20 min,111.0,0,,2024-05-27,113.0,0.0
2024-06-17 09:25:00,2024-06-17 11:50:00,CAI,JED,Flynas,2 hr 25 min,112.0,0,,2024-05-27,97.0,-16.0
2024-06-17 18:10:00,2024-06-17 20:35:00,CAI,JED,Flynas,2 hr 25 min,112.0,0,,2024-05-27,97.0,-16.0
2024-06-17 15:00:00,2024-06-17 17:10:00,CAI,JED,FlyEgypt,2 hr 10 min,113.0,0,,2024-05-27,117.0,0.0
2024-06-17 16:05:00,2024-06-17 18:15:00,CAI,JED,FlyEgypt,2 hr 10 min,113.0,0,,2024-05-27,117.0,0.0
2024-06-17 04:40:00,2024-06-17 06:55:00,CAI,JED,Nile Air,2 hr 15 min,116.0,0,,2024-05-27,122.0,6.0
2024-06-17 13:45:00,2024-06-17 16:00:00,CAI,JED,Nile Air,2 hr 15 min,116.0,0,,2024-05-27,110.0,0.0
2024-06-17 15:35:00,2024-06-17 18:00:00,CAI,JED,Flynas,2 hr 25 min,120.0,0,,2024-05-27,97.0,-16.0
2024-06-17 23:35:00,2024-06-18 01:45:00,CAI,JED,Flyadeal,2 hr 10 min,120.0,0,,2024-05-27,110.0,0.0
2024-06-17 21:15:00,2024-06-18 00:00:00,CAI,JED,Flyadeal,2 hr 45 min,136.0,0,,2024-05-27,110.0,0.0
2024-06-17 02:35:00,2024-06-17 04:45:00,CAI,JED,EgyptAir,2 hr 10 min,137.0,0,,2024-05-27,142.0,23.0
2024-06-17 09:45:00,2024-06-17 12:00:00,CAI,JED,Flyadeal,2 hr 15 min,147.0,0,,2024-05-27,110.0,0.0
2024-06-17 00:30:00,2024-06-17 02:40:00,CAI,JED,EgyptAir,2 hr 10 min,152.0,0,,2024-05-27,142.0,23.0
2024-06-17 08:00:00,2024-06-17 10:10:00,CAI,JED,EgyptAir,2 hr 10 min,152.0,0,,2024-05-27,142.0,23.0
2024-06-17 15:20:00,2024-06-17 17:30:00,CAI,JED,EgyptAir,2 hr 10 min,152.0,0,,2024-05-27,142.0,23.0
2024-06-17 19:50:00,2024-06-17 22:00:00,CAI,JED,EgyptAir,2 hr 10 min,152.0,0,,2024-05-27,139.0,21.0
2024-06-17 21:20:00,2024-06-17 23:30:00,CAI,JED,EgyptAir,2 hr 10 min,152.0,0,,2024-05-27,134.0,17.0
2024-06-17 00:55:00,2024-06-17 03:15:00,CAI,JED,Saudia,2 hr 20 min,157.0,0,,2024-05-27,115.0,0.0
2024-06-17 03:45:00,2024-06-17 06:05:00,CAI,JED,Saudia,2 hr 20 min,157.0,0,,2024-05-27,115.0,0.0
2024-06-17 06:00:00,2024-06-17 08:20:00,CAI,JED,Saudia,2 hr 20 min,157.0,0,,2024-05-27,115.0,0.0
2024-06-17 12:40:00,2024-06-17 15:00:00,CAI,JED,Saudia,2 hr 20 min,157.0,0,,2024-05-27,115.0,0.0
2024-06-17 15:10:00,2024-06-17 17:30:00,CAI,JED,Saudia,2 hr 20 min,157.0,0,,2024-05-27,115.0,0.0
2024-06-17 16:10:00,2024-06-17 18:30:00,CAI,JED,Saudia,2 hr 20 min,157.0,0,,2024-05-27,115.0,0.0
2024-06-17 17:50:00,2024-06-17 20:10:00,CAI,JED,Saudia,2 hr 20 min,157.0,0,,2024-05-27,115.0,0.0
2024-06-17 20:50:00,2024-06-17 23:10:00,CAI,JED,Saudia,2 hr 20 min,157.0,0,,2024-05-27,115.0,0.0
2024-06-17 23:05:00,2024-06-18 01:25:00,CAI,JED,Saudia,2 hr 20 min,157.0,0,,2024-05-27,115.0,0.0
2024-06-17 03:25:00,2024-06-17 05:40:00,CAI,JED,Price unavailable,2 hr 15 min,,0,,2024-05-27,134.0,17.0
2024-06-17 03:50:00,2024-06-17 06:05:00,CAI,JED,Price unavailable,2 hr 15 min,,0,,2024-05-27,114.0,0.0
2024-06-17 06:00:00,2024-06-17 08:15:00,CAI,JED,Price unavailable,2 hr 15 min,,0,,2024-05-27,114.0,0.0
2024-06-18 06:00:00,2024-06-18 08:10:00,CAI,JED,Air Arabia Egypt,2 hr 10 min,101.0,0,,2024-05-27,117.0,0.0
2024-06-18 04:20:00,2024-06-18 06:40:00,CAI,JED,Air Cairo,2 hr 20 min,111.0,0,,2024-05-27,115.0,0.0
2024-06-18 09:25:00,2024-06-18 11:50:00,CAI,JED,Flynas,2 hr 25 min,112.0,0,,2024-05-27,97.0,-16.0
2024-06-18 03:45:00,2024-06-18 05:55:00,CAI,JED,FlyEgypt,2 hr 10 min,113.0,0,,2024-05-27,117.0,0.0
2024-06-18 09:45:00,2024-06-18 12:00:00,CAI,JED,Flyadeal,2 hr 15 min,120.0,0,,2024-05-27,110.0,0.0
2024-06-18 14:05:00,2024-06-18 16:20:00,CAI,JED,Price unavailable,2 hr 15 min,,0,,2024-05-27,114.0,0.0
2024-06-18 11:25:00,2024-06-18 13:45:00,CAI,JED,Air Cairo,2 hr 20 min,111.0,0,,2024-05-27,115.0,0.0
2024-06-18 01:15:00,2024-06-18 03:40:00,CAI,JED,Flynas,2 hr 25 min,112.0,0,,2024-05-27,97.0,-16.0
2024-06-18 14:55:00,2024-06-18 17:05:00,CAI,JED,FlyEgypt,2 hr 10 min,113.0,0,,2024-05-27,117.0,0.0
2024-06-18 00:25:00,2024-06-18 02:40:00,CAI,JED,Nile Air,2 hr 15 min,116.0,0,,2024-05-27,110.0,0.0
2024-06-18 06:15:00,2024-06-18 08:30:00,CAI,JED,Nile Air,2 hr 15 min,116.0,0,,2024-05-27,122.0,6.0
2024-06-18 12:45:00,2024-06-18 15:00:00,CAI,JED,Nile Air,2 hr 15 min,116.0,0,,2024-05-27,122.0,6.0
2024-06-18 14:30:00,2024-06-18 16:45:00,CAI,JED,Nile Air,2 hr 15 min,116.0,0,,2024-05-27,110.0,0.0
2024-06-18 19:10:00,2024-06-18 21:30:00,CAI,JED,Air Cairo,2 hr 20 min,118.0,0,,2024-05-27,115.0,0.0
2024-06-18 15:35:00,2024-06-18 18:00:00,CAI,JED,Flynas,2 hr 25 min,120.0,0,,2024-05-27,97.0,-16.0
2024-06-18 18:10:00,2024-06-18 20:35:00,CAI,JED,Flynas,2 hr 25 min,120.0,0,,2024-05-27,97.0,-16.0
2024-06-18 19:05:00,2024-06-18 21:30:00,CAI,JED,Flynas,2 hr 25 min,120.0,0,,2024-05-27,97.0,-16.0
2024-06-18 21:15:00,2024-06-19 00:00:00,CAI,JED,Flyadeal,2 hr 45 min,120.0,0,,2024-05-27,110.0,0.0
2024-06-18 22:00:00,2024-06-19 00:25:00,CAI,JED,Flynas,2 hr 25 min,120.0,0,,2024-05-27,97.0,-16.0
2024-06-18 23:35:00,2024-06-19 01:45:00,CAI,JED,Flyadeal,2 hr 10 min,120.0,0,,2024-05-27,110.0,0.0
2024-06-18 00:30:00,2024-06-18 02:40:00,CAI,JED,EgyptAir,2 hr 10 min,137.0,0,,2024-05-27,142.0,23.0
2024-06-18 02:35:00,2024-06-18 04:45:00,CAI,JED,EgyptAir,2 hr 10 min,137.0,0,,2024-05-27,114.0,0.0
2024-06-18 08:00:00,2024-06-18 10:10:00,CAI,JED,EgyptAir,2 hr 10 min,152.0,0,,2024-05-27,142.0,23.0
2024-06-18 15:20:00,2024-06-18 17:30:00,CAI,JED,EgyptAir,2 hr 10 min,152.0,0,,2024-05-27,142.0,23.0
2024-06-18 19:50:00,2024-06-18 22:00:00,CAI,JED,EgyptAir,2 hr 10 min,152.0,0,,2024-05-27,139.0,21.0
2024-06-18 21:20:00,2024-06-18 23:30:00,CAI,JED,EgyptAir,2 hr 10 min,152.0,0,,2024-05-27,139.0,21.0
2024-06-18 00:55:00,2024-06-18 03:15:00,CAI,JED,Saudia,2 hr 20 min,157.0,0,,2024-05-27,115.0,0.0
2024-06-18 03:45:00,2024-06-18 06:05:00,CAI,JED,Saudia,2 hr 20 min,157.0,0,,2024-05-27,115.0,0.0
2024-06-18 06:00:00,2024-06-18 08:20:00,CAI,JED,Saudia,2 hr 20 min,157.0,0,,2024-05-27,115.0,0.0
2024-06-18 12:40:00,2024-06-18 15:00:00,CAI,JED,Saudia,2 hr 20 min,157.0,0,,2024-05-27,115.0,0.0
2024-06-18 15:10:00,2024-06-18 17:30:00,CAI,JED,Saudia,2 hr 20 min,157.0,0,,2024-05-27,115.0,0.0
2024-06-18 16:10:00,2024-06-18 18:30:00,CAI,JED,Saudia,2 hr 20 min,157.0,0,,2024-05-27,115.0,0.0
2024-06-18 17:50:00,2024-06-18 20:10:00,CAI,JED,Saudia,2 hr 20 min,157.0,0,,2024-05-27,115.0,0.0
2024-06-18 20:50:00,2024-06-18 23:10:00,CAI,JED,Saudia,2 hr 20 min,157.0,0,,2024-05-27,115.0,0.0
2024-06-18 23:05:00,2024-06-19 01:25:00,CAI,JED,Saudia,2 hr 20 min,157.0,0,,2024-05-27,115.0,0.0
2024-06-18 04:20:00,2024-06-18 06:35:00,CAI,JED,Price unavailable,2 hr 15 min,,0,,2024-05-27,114.0,0.0
2024-06-18 04:40:00,2024-06-18 07:10:00,CAI,JED,Price unavailable,2 hr 30 min,,0,,2024-05-27,114.0,0.0
2024-06-19 06:50:00,2024-06-19 09:10:00,CAI,JED,Air Cairo,2 hr 20 min,111.0,0,,2024-05-27,113.0,0.0
2024-06-19 15:10:00,2024-06-19 17:20:00,CAI,JED,FlyEgypt,2 hr 10 min,113.0,0,,2024-05-27,,
2024-06-19 12:45:00,2024-06-19 15:00:00,CAI,JED,Nile Air,2 hr 15 min,116.0,0,,2024-05-27,110.0,0.0
2024-06-19 09:45:00,2024-06-19 12:00:00,CAI,JED,Flyadeal,2 hr 15 min,120.0,0,,2024-05-27,110.0,0.0
2024-06-19 10:00:00,2024-06-19 12:00:00,CAI,JED,Price unavailable,2 hr,,0,,2024-05-27,163.0,42.0
2024-06-19 11:35:00,2024-06-19 13:50:00,CAI,JED,Price unavailable,2 hr 15 min,,0,,2024-05-27,114.0,0.0
2024-06-19 04:00:00,2024-06-19 06:20:00,CAI,JED,Air Cairo,2 hr 20 min,111.0,0,,2024-05-27,115.0,0.0
2024-06-19 00:35:00,2024-06-19 02:45:00,CAI,JED,FlyEgypt,2 hr 10 min,113.0,0,,2024-05-27,,
2024-06-19 05:40:00,2024-06-19 07:55:00,CAI,JED,Nile Air,2 hr 15 min,116.0,0,,2024-05-27,121.0,0.0
2024-06-19 23:35:00,2024-06-20 01:45:00,CAI,JED,Flyadeal,2 hr 10 min,120.0,0,,2024-05-27,110.0,0.0
2024-06-19 18:35:00,2024-06-19 20:40:00,CAI,JED,FlyEgypt,2 hr 5 min,123.0,0,,2024-05-27,117.0,0.0
2024-06-19 06:00:00,2024-06-19 08:10:00,CAI,JED,Air Arabia Egypt,2 hr 10 min,127.0,0,,2024-05-27,117.0,0.0
2024-06-19 01:15:00,2024-06-19 03:40:00,CAI,JED,Flynas,2 hr 25 min,128.0,0,,2024-05-27,97.0,-16.0
2024-06-19 09:25:00,2024-06-19 11:50:00,CAI,JED,Flynas,2 hr 25 min,128.0,0,,2024-05-27,97.0,-16.0
2024-06-19 18:10:00,2024-06-19 20:35:00,CAI,JED,Flynas,2 hr 25 min,128.0,0,,2024-05-27,97.0,-16.0
2024-06-19 19:05:00,2024-06-19 21:30:00,CAI,JED,Flynas,2 hr 25 min,128.0,0,,2024-05-27,97.0,-16.0
2024-06-19 15:35:00,2024-06-19 18:00:00,CAI,JED,Flynas,2 hr 25 min,136.0,0,,2024-05-27,97.0,-16.0
2024-06-19 22:00:00,2024-06-20 00:25:00,CAI,JED,Flynas,2 hr 25 min,136.0,0,,2024-05-27,97.0,-16.0
2024-06-19 00:30:00,2024-06-19 02:40:00,CAI,JED,EgyptAir,2 hr 10 min,137.0,0,,2024-05-27,142.0,23.0
2024-06-19 02:35:00,2024-06-19 04:45:00,CAI,JED,EgyptAir,2 hr 10 min,137.0,0,,2024-05-27,114.0,0.0
2024-06-19 08:00:00,2024-06-19 10:10:00,CAI,JED,EgyptAir,2 hr 10 min,137.0,0,,2024-05-27,118.0,0.0
2024-06-19 11:20:00,2024-06-19 13:30:00,CAI,JED,EgyptAir,2 hr 10 min,152.0,0,,2024-05-27,139.0,21.0
2024-06-19 15:20:00,2024-06-19 17:30:00,CAI,JED,EgyptAir,2 hr 10 min,152.0,0,,2024-05-27,118.0,0.0
2024-06-19 19:50:00,2024-06-19 22:00:00,CAI,JED,EgyptAir,2 hr 10 min,152.0,0,,2024-05-27,139.0,21.0
2024-06-19 21:20:00,2024-06-19 23:30:00,CAI,JED,EgyptAir,2 hr 10 min,152.0,0,,2024-05-27,134.0,17.0
2024-06-19 00:55:00,2024-06-19 03:15:00,CAI,JED,Saudia,2 hr 20 min,157.0,0,,2024-05-27,115.0,0.0
2024-06-19 03:45:00,2024-06-19 06:05:00,CAI,JED,Saudia,2 hr 20 min,157.0,0,,2024-05-27,115.0,0.0
2024-06-19 06:00:00,2024-06-19 08:20:00,CAI,JED,Saudia,2 hr 20 min,157.0,0,,2024-05-27,115.0,0.0
2024-06-19 12:40:00,2024-06-19 15:00:00,CAI,JED,Saudia,2 hr 20 min,157.0,0,,2024-05-27,115.0,0.0
2024-06-19 15:10:00,2024-06-19 17:30:00,CAI,JED,Saudia,2 hr 20 min,157.0,0,,2024-05-27,115.0,0.0
2024-06-19 16:10:00,2024-06-19 18:30:00,CAI,JED,Saudia,2 hr 20 min,157.0,0,,2024-05-27,115.0,0.0
2024-06-19 17:50:00,2024-06-19 20:10:00,CAI,JED,Saudia,2 hr 20 min,157.0,0,,2024-05-27,115.0,0.0
2024-06-19 20:50:00,2024-06-19 23:10:00,CAI,JED,Saudia,2 hr 20 min,157.0,0,,2024-05-27,115.0,0.0
2024-06-19 23:05:00,2024-06-20 01:25:00,CAI,JED,Saudia,2 hr 20 min,157.0,0,,2024-05-27,115.0,0.0
2024-06-19 03:25:00,2024-06-19 05:40:00,CAI,JED,Price unavailable,2 hr 15 min,,0,,2024-05-27,114.0,0.0
2024-06-19 06:30:00,2024-06-19 08:45:00,CAI,JED,Price unavailable,2 hr 15 min,,0,,2024-05-27,114.0,0.0
2024-06-20 12:45:00,2024-06-20 15:00:00,CAI,JED,Nile Air,2 hr 15 min,116.0,0,,2024-05-27,121.0,0.0
2024-06-20 10:20:00,2024-06-20 12:40:00,CAI,JED,Air Cairo,2 hr 20 min,118.0,0,,2024-05-27,113.0,0.0
2024-06-20 09:45:00,2024-06-20 12:00:00,CAI,JED,Flyadeal,2 hr 15 min,120.0,0,,2024-05-27,110.0,0.0
2024-06-20 11:35:00,2024-06-20 13:50:00,CAI,JED,Price unavailable,2 hr 15 min,,0,,2024-05-27,114.0,0.0
2024-06-20 04:50:00,2024-06-20 07:05:00,CAI,JED,Nile Air,2 hr 15 min,116.0,0,,2024-05-27,122.0,6.0
2024-06-20 20:00:00,2024-06-20 22:15:00,CAI,JED,Nile Air,2 hr 15 min,116.0,0,,2024-05-27,121.0,0.0
2024-06-20 22:45:00,2024-06-21 01:00:00,CAI,JED,Nile Air,2 hr 15 min,116.0,0,,2024-05-27,121.0,0.0
2024-06-20 03:45:00,2024-06-20 06:05:00,CAI,JED,Air Cairo,2 hr 20 min,118.0,0,,2024-05-27,113.0,0.0
2024-06-20 18:55:00,2024-06-20 21:15:00,CAI,JED,Air Cairo,2 hr 20 min,118.0,0,,2024-05-27,113.0,0.0
2024-06-20 06:00:00,2024-06-20 08:10:00,CAI,JED,Air Arabia Egypt,2 hr 10 min,127.0,0,,2024-05-27,117.0,0.0
2024-06-20 09:25:00,2024-06-20 11:50:00,CAI,JED,Flynas,2 hr 25 min,136.0,0,,2024-05-27,97.0,-16.0
2024-06-20 23:35:00,2024-06-21 01:45:00,CAI,JED,Flyadeal,2 hr 10 min,136.0,0,,2024-05-27,110.0,0.0
2024-06-20 02:35:00,2024-06-20 04:45:00,CAI,JED,EgyptAir,2 hr 10 min,137.0,0,,2024-05-27,114.0,0.0
2024-06-20 00:30:00,2024-06-20 02:40:00,CAI,JED,EgyptAir,2 hr 10 min,143.0,0,,2024-05-27,142.0,23.0
2024-06-20 08:00:00,2024-06-20 10:10:00,CAI,JED,EgyptAir,2 hr 10 min,143.0,0,,2024-05-27,118.0,0.0
2024-06-20 01:15:00,2024-06-20 03:40:00,CAI,JED,Flynas,2 hr 25 min,147.0,0,,2024-05-27,97.0,-16.0
2024-06-20 18:10:00,2024-06-20 20:35:00,CAI,JED,Flynas,2 hr 25 min,147.0,0,,2024-05-27,97.0,-16.0
2024-06-20 11:15:00,2024-06-20 13:25:00,CAI,JED,EgyptAir,2 hr 10 min,152.0,0,,2024-05-27,139.0,21.0
2024-06-20 15:20:00,2024-06-20 17:30:00,CAI,JED,EgyptAir,2 hr 10 min,152.0,0,,2024-05-27,118.0,0.0
2024-06-20 19:50:00,2024-06-20 22:00:00,CAI,JED,EgyptAir,2 hr 10 min,152.0,0,,2024-05-27,139.0,21.0
2024-06-20 21:20:00,2024-06-20 23:30:00,CAI,JED,EgyptAir,2 hr 10 min,152.0,0,,2024-05-27,134.0,17.0
2024-06-20 00:55:00,2024-06-20 03:15:00,CAI,JED,Saudia,2 hr 20 min,157.0,0,,2024-05-27,115.0,0.0
2024-06-20 03:45:00,2024-06-20 06:05:00,CAI,JED,Saudia,2 hr 20 min,157.0,0,,2024-05-27,115.0,0.0
2024-06-20 06:10:00,2024-06-20 08:30:00,CAI,JED,Saudia,2 hr 20 min,157.0,0,,2024-05-27,116.0,0.0
2024-06-20 12:40:00,2024-06-20 15:00:00,CAI,JED,Saudia,2 hr 20 min,157.0,0,,2024-05-27,118.0,0.0
2024-06-20 15:10:00,2024-06-20 17:25:00,CAI,JED,Saudia,2 hr 15 min,157.0,0,,2024-05-27,115.0,0.0
2024-06-20 16:10:00,2024-06-20 18:30:00,CAI,JED,Saudia,2 hr 20 min,157.0,0,,2024-05-27,115.0,0.0
2024-06-20 17:50:00,2024-06-20 20:05:00,CAI,JED,Saudia,2 hr 15 min,157.0,0,,2024-05-27,115.0,0.0
2024-06-20 20:50:00,2024-06-20 23:10:00,CAI,JED,Saudia,2 hr 20 min,157.0,0,,2024-05-27,118.0,0.0
2024-06-20 23:05:00,2024-06-21 01:20:00,CAI,JED,Saudia,2 hr 15 min,157.0,0,,2024-05-27,115.0,0.0
2024-06-20 15:35:00,2024-06-20 18:00:00,CAI,JED,Flynas,2 hr 25 min,160.0,0,,2024-05-27,97.0,-16.0
2024-06-20 19:05:00,2024-06-20 21:30:00,CAI,JED,Flynas,2 hr 25 min,160.0,0,,2024-05-27,97.0,-16.0
2024-06-20 22:00:00,2024-06-21 00:25:00,CAI,JED,Flynas,2 hr 25 min,160.0,0,,2024-05-27,97.0,-16.0
2024-06-20 04:05:00,2024-06-20 06:20:00,CAI,JED,Price unavailable,2 hr 15 min,,0,,2024-05-27,134.0,17.0
2024-06-21 04:20:00,2024-06-21 06:40:00,CAI,JED,Air Cairo,2 hr 20 min,111.0,0,,2024-05-27,113.0,0.0
2024-06-21 10:20:00,2024-06-21 12:40:00,CAI,JED,Air Cairo,2 hr 20 min,118.0,0,,2024-05-27,113.0,0.0
2024-06-21 09:45:00,2024-06-21 12:00:00,CAI,JED,Flyadeal,2 hr 15 min,136.0,0,,2024-05-27,110.0,0.0
2024-06-21 06:00:00,2024-06-21 08:10:00,CAI,JED,Air Arabia Egypt,2 hr 10 min,139.0,0,,2024-05-27,117.0,0.0
2024-06-21 03:45:00,2024-06-21 06:05:00,CAI,JED,Saudia,2 hr 20 min,157.0,0,,2024-05-27,115.0,0.0
2024-06-21 09:15:00,2024-06-21 11:30:00,CAI,JED,Price unavailable,2 hr 15 min,,0,,2024-05-27,134.0,17.0
2024-06-21 20:10:00,2024-06-21 22:30:00,CAI,JED,Air Cairo,2 hr 20 min,147.0,0,,2024-05-27,113.0,0.0
2024-06-21 05:40:00,2024-06-21 07:55:00,CAI,JED,Nile Air,2 hr 15 min,150.0,0,,2024-05-27,121.0,0.0
2024-06-21 00:55:00,2024-06-21 03:15:00,CAI,JED,Saudia,2 hr 20 min,157.0,0,,2024-05-27,115.0,0.0
2024-06-21 06:15:00,2024-06-21 08:35:00,CAI,JED,Saudia,2 hr 20 min,157.0,0,,2024-05-27,115.0,0.0
2024-06-21 21:15:00,2024-06-22 00:00:00,CAI,JED,Flyadeal,2 hr 45 min,160.0,0,,2024-05-27,110.0,0.0
2024-06-21 02:35:00,2024-06-21 04:45:00,CAI,JED,EgyptAir,2 hr 10 min,161.0,0,,2024-05-27,142.0,23.0
2024-06-21 14:35:00,2024-06-21 16:45:00,CAI,JED,FlyEgypt,2 hr 10 min,161.0,0,,2024-05-27,,
2024-06-21 17:45:00,2024-06-21 19:55:00,CAI,JED,FlyEgypt,2 hr 10 min,161.0,0,,2024-05-27,117.0,0.0
2024-06-21 12:45:00,2024-06-21 15:00:00,CAI,JED,Nile Air,2 hr 15 min,171.0,0,,2024-05-27,121.0,0.0
2024-06-21 01:15:00,2024-06-21 03:40:00,CAI,JED,Flynas,2 hr 25 min,174.0,0,,2024-05-27,97.0,-16.0
2024-06-21 09:25:00,2024-06-21 11:50:00,CAI,JED,Flynas,2 hr 25 min,174.0,0,,2024-05-27,97.0,-16.0
2024-06-21 23:35:00,2024-06-22 01:45:00,CAI,JED,Flyadeal,2 hr 10 min,174.0,0,,2024-05-27,110.0,0.0
2024-06-21 15:35:00,2024-06-21 18:00:00,CAI,JED,Flynas,2 hr 25 min,187.0,0,,2024-05-27,97.0,-16.0
2024-06-21 18:10:00,2024-06-21 20:35:00,CAI,JED,Flynas,2 hr 25 min,187.0,0,,2024-05-27,97.0,-16.0
2024-06-21 19:05:00,2024-06-21 21:30:00,CAI,JED,Flynas,2 hr 25 min,187.0,0,,2024-05-27,97.0,-16.0
2024-06-21 22:00:00,2024-06-22 00:25:00,CAI,JED,Flynas,2 hr 25 min,187.0,0,,2024-05-27,97.0,-16.0
2024-06-21 00:30:00,2024-06-21 02:40:00,CAI,JED,EgyptAir,2 hr 10 min,187.0,0,,2024-05-27,142.0,23.0
2024-06-21 08:00:00,2024-06-21 10:10:00,CAI,JED,EgyptAir,2 hr 10 min,187.0,0,,2024-05-27,118.0,0.0
2024-06-21 12:40:00,2024-06-21 15:00:00,CAI,JED,Saudia,2 hr 20 min,191.0,0,,2024-05-27,115.0,0.0
2024-06-21 15:10:00,2024-06-21 17:30:00,CAI,JED,Saudia,2 hr 20 min,191.0,0,,2024-05-27,115.0,0.0
2024-06-21 16:10:00,2024-06-21 18:30:00,CAI,JED,Saudia,2 hr 20 min,191.0,0,,2024-05-27,115.0,0.0
2024-06-21 17:50:00,2024-06-21 20:10:00,CAI,JED,Saudia,2 hr 20 min,191.0,0,,2024-05-27,115.0,0.0
2024-06-21 20:50:00,2024-06-21 23:10:00,CAI,JED,Saudia,2 hr 20 min,191.0,0,,2024-05-27,115.0,0.0
2024-06-21 23:05:00,2024-06-22 01:25:00,CAI,JED,Saudia,2 hr 20 min,191.0,0,,2024-05-27,115.0,0.0
2024-06-21 15:20:00,2024-06-21 17:30:00,CAI,JED,EgyptAir,2 hr 10 min,214.0,0,,2024-05-27,118.0,0.0
2024-06-21 19:50:00,2024-06-21 22:00:00,CAI,JED,EgyptAir,2 hr 10 min,214.0,0,,2024-05-27,118.0,0.0
2024-06-21 21:20:00,2024-06-21 23:30:00,CAI,JED,EgyptAir,2 hr 10 min,214.0,0,,2024-05-27,134.0,17.0
2024-06-21 03:25:00,2024-06-21 05:40:00,CAI,JED,Price unavailable,2 hr 15 min,,0,,2024-05-27,114.0,0.0
2024-06-21 18:25:00,2024-06-21 20:40:00,CAI,JED,Price unavailable,2 hr 15 min,,0,,2024-05-27,114.0,0.0
2024-06-22 11:15:00,2024-06-22 13:35:00,CAI,JED,Air Cairo,2 hr 20 min,127.0,0,,2024-05-27,113.0,0.0
2024-06-22 08:00:00,2024-06-22 10:10:00,CAI,JED,Air Arabia Egypt,2 hr 10 min,150.0,0,,2024-05-27,117.0,0.0
2024-06-22 03:45:00,2024-06-22 06:05:00,CAI,JED,Saudia,2 hr 20 min,157.0,0,,2024-05-27,115.0,0.0
2024-06-22 18:25:00,2024-06-22 20:40:00,CAI,JED,Price unavailable,2 hr 15 min,,0,,2024-05-27,114.0,0.0
2024-06-22 04:20:00,2024-06-22 06:40:00,CAI,JED,Air Cairo,2 hr 20 min,127.0,0,,2024-05-27,113.0,0.0
2024-06-22 00:55:00,2024-06-22 03:15:00,CAI,JED,Saudia,2 hr 20 min,157.0,0,,2024-05-27,115.0,0.0
2024-06-22 06:00:00,2024-06-22 08:20:00,CAI,JED,Saudia,2 hr 20 min,157.0,0,,2024-05-27,115.0,0.0
2024-06-22 09:45:00,2024-06-22 12:00:00,CAI,JED,Flyadeal,2 hr 15 min,160.0,0,,2024-05-27,110.0,0.0
2024-06-22 05:40:00,2024-06-22 07:55:00,CAI,JED,Nile Air,2 hr 15 min,160.0,0,,2024-05-27,122.0,6.0
2024-06-22 20:30:00,2024-06-22 22:45:00,CAI,JED,Nile Air,2 hr 15 min,160.0,0,,2024-05-27,122.0,6.0
2024-06-22 12:40:00,2024-06-22 15:00:00,CAI,JED,Saudia,2 hr 20 min,167.0,0,,2024-05-27,115.0,0.0
2024-06-22 23:20:00,2024-06-23 01:40:00,CAI,JED,Saudia,2 hr 20 min,177.0,0,,2024-05-27,115.0,0.0
2024-06-22 18:55:00,2024-06-22 21:05:00,CAI,JED,FlyEgypt,2 hr 10 min,182.0,0,,2024-05-27,117.0,0.0
2024-06-22 01:15:00,2024-06-22 03:40:00,CAI,JED,Flynas,2 hr 25 min,187.0,0,,2024-05-27,97.0,-16.0
2024-06-22 09:25:00,2024-06-22 11:50:00,CAI,JED,Flynas,2 hr 25 min,187.0,0,,2024-05-27,97.0,-16.0
2024-06-22 00:30:00,2024-06-22 02:40:00,CAI,JED,EgyptAir,2 hr 10 min,187.0,0,,2024-05-27,142.0,23.0
2024-06-22 02:35:00,2024-06-22 04:45:00,CAI,JED,EgyptAir,2 hr 10 min,187.0,0,,2024-05-27,142.0,23.0
2024-06-22 15:35:00,2024-06-22 18:00:00,CAI,JED,Flynas,2 hr 25 min,214.0,0,,2024-05-27,97.0,-16.0
2024-06-22 08:00:00,2024-06-22 10:10:00,CAI,JED,EgyptAir,2 hr 10 min,214.0,0,,2024-05-27,142.0,23.0
2024-06-22 09:45:00,2024-06-22 11:55:00,CAI,JED,EgyptAir,2 hr 10 min,214.0,0,,2024-05-27,139.0,21.0
2024-06-22 15:20:00,2024-06-22 17:30:00,CAI,JED,EgyptAir,2 hr 10 min,214.0,0,,2024-05-27,142.0,23.0
2024-06-22 16:10:00,2024-06-22 18:25:00,CAI,JED,Saudia,2 hr 15 min,222.0,0,,2024-05-27,115.0,0.0
2024-06-22 15:10:00,2024-06-22 17:30:00,CAI,JED,Saudia,2 hr 20 min,238.0,0,,2024-05-27,115.0,0.0
2024-06-22 18:10:00,2024-06-22 20:35:00,CAI,JED,Flynas,2 hr 25 min,240.0,0,,2024-05-27,97.0,-16.0
2024-06-22 19:05:00,2024-06-22 21:30:00,CAI,JED,Flynas,2 hr 25 min,240.0,0,,2024-05-27,97.0,-16.0
2024-06-22 22:00:00,2024-06-23 00:25:00,CAI,JED,Flynas,2 hr 25 min,240.0,0,,2024-05-27,97.0,-16.0
2024-06-22 23:35:00,2024-06-23 01:45:00,CAI,JED,Flyadeal,2 hr 10 min,240.0,0,,2024-05-27,110.0,0.0
2024-06-22 19:50:00,2024-06-22 22:00:00,CAI,JED,EgyptAir,2 hr 10 min,256.0,0,,2024-05-27,139.0,21.0
2024-06-22 17:50:00,2024-06-22 20:10:00,CAI,JED,Saudia,2 hr 20 min,277.0,0,,2024-05-27,115.0,0.0
2024-06-22 20:50:00,2024-06-22 23:10:00,CAI,JED,Saudia,2 hr 20 min,301.0,0,,2024-05-27,118.0,0.0
2024-06-22 21:20:00,2024-06-22 23:30:00,CAI,JED,EgyptAir,2 hr 10 min,305.0,0,,2024-05-27,139.0,21.0
2024-06-22 03:25:00,2024-06-22 05:40:00,CAI,JED,Price unavailable,2 hr 15 min,,0,,2024-05-27,114.0,0.0
2024-06-23 14:10:00,2024-06-23 16:30:00,CAI,JED,Air Cairo,2 hr 20 min,118.0,0,,2024-05-27,113.0,0.0
2024-06-23 20:05:00,2024-06-23 22:25:00,CAI,JED,Air Cairo,2 hr 20 min,118.0,0,,2024-05-27,113.0,0.0
2024-06-23 09:45:00,2024-06-23 12:00:00,CAI,JED,Flyadeal,2 hr 15 min,136.0,0,,2024-05-27,110.0,0.0
2024-06-23 06:00:00,2024-06-23 08:10:00,CAI,JED,Air Arabia Egypt,2 hr 10 min,138.0,0,,2024-05-27,117.0,0.0
2024-06-23 13:00:00,2024-06-23 15:15:00,CAI,JED,Price unavailable,2 hr 15 min,,0,,2024-05-27,114.0,0.0
2024-06-23 15:15:00,2024-06-23 17:15:00,CAI,JED,Price unavailable,2 hr,,0,,2024-05-27,163.0,42.0
2024-06-23 23:35:00,2024-06-24 01:45:00,CAI,JED,Flyadeal,2 hr 10 min,128.0,0,,2024-05-27,110.0,0.0
2024-06-23 19:05:00,2024-06-23 21:30:00,CAI,JED,Flynas,2 hr 25 min,136.0,0,,2024-05-27,97.0,-16.0
2024-06-23 03:50:00,2024-06-23 06:00:00,CAI,JED,FlyEgypt,2 hr 10 min,144.0,0,,2024-05-27,117.0,0.0
2024-06-23 15:30:00,2024-06-23 17:40:00,CAI,JED,FlyEgypt,2 hr 10 min,144.0,0,,2024-05-27,117.0,0.0
2024-06-23 15:35:00,2024-06-23 18:00:00,CAI,JED,Flynas,2 hr 25 min,147.0,0,,2024-05-27,97.0,-16.0
2024-06-23 18:10:00,2024-06-23 20:35:00,CAI,JED,Flynas,2 hr 25 min,147.0,0,,2024-05-27,97.0,-16.0
2024-06-23 22:00:00,2024-06-24 00:25:00,CAI,JED,Flynas,2 hr 25 min,147.0,0,,2024-05-27,97.0,-16.0
2024-06-23 09:25:00,2024-06-23 11:50:00,CAI,JED,Flynas,2 hr 25 min,160.0,0,,2024-05-27,97.0,-16.0
2024-06-23 12:45:00,2024-06-23 15:00:00,CAI,JED,Nile Air,2 hr 15 min,160.0,0,,2024-05-27,122.0,6.0
2024-06-23 23:05:00,2024-06-24 01:25:00,CAI,JED,Saudia,2 hr 20 min,167.0,0,,2024-05-27,115.0,0.0
2024-06-23 01:15:00,2024-06-23 03:40:00,CAI,JED,Flynas,2 hr 25 min,174.0,0,,2024-05-27,97.0,-16.0
2024-06-23 04:20:00,2024-06-23 06:40:00,CAI,JED,Air Cairo,2 hr 20 min,179.0,0,,2024-05-27,113.0,0.0
2024-06-23 00:30:00,2024-06-23 02:40:00,CAI,JED,EgyptAir,2 hr 10 min,187.0,0,,2024-05-27,142.0,23.0
2024-06-23 02:35:00,2024-06-23 04:45:00,CAI,JED,EgyptAir,2 hr 10 min,187.0,0,,2024-05-27,114.0,0.0
2024-06-23 08:00:00,2024-06-23 10:10:00,CAI,JED,EgyptAir,2 hr 10 min,187.0,0,,2024-05-27,142.0,23.0
2024-06-23 15:20:00,2024-06-23 17:30:00,CAI,JED,EgyptAir,2 hr 10 min,187.0,0,,2024-05-27,142.0,23.0
2024-06-23 19:50:00,2024-06-23 22:00:00,CAI,JED,EgyptAir,2 hr 10 min,187.0,0,,2024-05-27,139.0,21.0
2024-06-23 21:20:00,2024-06-23 23:30:00,CAI,JED,EgyptAir,2 hr 10 min,187.0,0,,2024-05-27,139.0,21.0
2024-06-23 05:20:00,2024-06-23 07:30:00,CAI,JED,EgyptAir,2 hr 10 min,188.0,0,,2024-05-27,113.0,0.0
2024-06-23 03:45:00,2024-06-23 06:05:00,CAI,JED,Saudia,2 hr 20 min,191.0,0,,2024-05-27,115.0,0.0
2024-06-23 06:00:00,2024-06-23 08:20:00,CAI,JED,Saudia,2 hr 20 min,191.0,0,,2024-05-27,115.0,0.0
2024-06-23 12:40:00,2024-06-23 15:00:00,CAI,JED,Saudia,2 hr 20 min,191.0,0,,2024-05-27,115.0,0.0
2024-06-23 15:10:00,2024-06-23 17:30:00,CAI,JED,Saudia,2 hr 20 min,191.0,0,,2024-05-27,115.0,0.0
2024-06-23 16:10:00,2024-06-23 18:30:00,CAI,JED,Saudia,2 hr 20 min,191.0,0,,2024-05-27,115.0,0.0
2024-06-23 17:50:00,2024-06-23 20:10:00,CAI,JED,Saudia,2 hr 20 min,191.0,0,,2024-05-27,115.0,0.0
2024-06-23 20:50:00,2024-06-23 23:10:00,CAI,JED,Saudia,2 hr 20 min,191.0,0,,2024-05-27,115.0,0.0
2024-06-23 00:55:00,2024-06-23 03:15:00,CAI,JED,Saudia,2 hr 20 min,222.0,0,,2024-05-27,115.0,0.0
2024-06-23 05:45:00,2024-06-23 08:00:00,CAI,JED,Price unavailable,2 hr 15 min,,0,,2024-05-27,134.0,17.0
2024-06-24 10:20:00,2024-06-24 12:40:00,CAI,JED,Air Cairo,2 hr 20 min,111.0,0,,2024-05-27,113.0,0.0
2024-06-24 04:40:00,2024-06-24 06:55:00,CAI,JED,Nile Air,2 hr 15 min,116.0,0,,2024-05-27,110.0,0.0
2024-06-24 09:45:00,2024-06-24 12:00:00,CAI,JED,Flyadeal,2 hr 15 min,120.0,0,,2024-05-27,110.0,0.0
2024-06-24 09:25:00,2024-06-24 11:40:00,CAI,JED,Price unavailable,2 hr 15 min,,0,,2024-05-27,134.0,17.0
2024-06-24 17:55:00,2024-06-24 20:15:00,CAI,JED,Air Cairo,2 hr 20 min,111.0,0,,2024-05-27,113.0,0.0
2024-06-24 18:55:00,2024-06-24 21:15:00,CAI,JED,Air Cairo,2 hr 20 min,111.0,0,,2024-05-27,115.0,0.0
2024-06-24 15:00:00,2024-06-24 17:10:00,CAI,JED,FlyEgypt,2 hr 10 min,113.0,0,,2024-05-27,117.0,0.0
2024-06-24 13:45:00,2024-06-24 16:00:00,CAI,JED,Nile Air,2 hr 15 min,116.0,0,,2024-05-27,122.0,6.0
2024-06-24 04:00:00,2024-06-24 06:20:00,CAI,JED,Air Cairo,2 hr 20 min,118.0,0,,2024-05-27,113.0,0.0
2024-06-24 21:15:00,2024-06-25 00:00:00,CAI,JED,Flyadeal,2 hr 45 min,120.0,0,,2024-05-27,110.0,0.0
2024-06-24 23:35:00,2024-06-25 01:45:00,CAI,JED,Flyadeal,2 hr 10 min,120.0,0,,2024-05-27,110.0,0.0
2024-06-24 16:05:00,2024-06-24 18:15:00,CAI,JED,FlyEgypt,2 hr 10 min,123.0,0,,2024-05-27,117.0,0.0
2024-06-24 09:25:00,2024-06-24 11:50:00,CAI,JED,Flynas,2 hr 25 min,128.0,0,,2024-05-27,97.0,-16.0
2024-06-24 18:10:00,2024-06-24 20:35:00,CAI,JED,Flynas,2 hr 25 min,128.0,0,,2024-05-27,97.0,-16.0
2024-06-24 06:00:00,2024-06-24 08:10:00,CAI,JED,Air Arabia Egypt,2 hr 10 min,129.0,0,,2024-05-27,117.0,0.0
2024-06-24 01:15:00,2024-06-24 03:40:00,CAI,JED,Flynas,2 hr 25 min,136.0,0,,2024-05-27,97.0,-16.0
2024-06-24 15:35:00,2024-06-24 18:00:00,CAI,JED,Flynas,2 hr 25 min,136.0,0,,2024-05-27,97.0,-16.0
2024-06-24 19:05:00,2024-06-24 21:30:00,CAI,JED,Flynas,2 hr 25 min,136.0,0,,2024-05-27,97.0,-16.0
2024-06-24 22:00:00,2024-06-25 00:25:00,CAI,JED,Flynas,2 hr 25 min,136.0,0,,2024-05-27,97.0,-16.0
2024-06-24 00:30:00,2024-06-24 02:40:00,CAI,JED,EgyptAir,2 hr 10 min,137.0,0,,2024-05-27,142.0,23.0
2024-06-24 02:35:00,2024-06-24 04:45:00,CAI,JED,EgyptAir,2 hr 10 min,137.0,0,,2024-05-27,142.0,23.0
2024-06-24 11:20:00,2024-06-24 13:30:00,CAI,JED,EgyptAir,2 hr 10 min,152.0,0,,2024-05-27,139.0,21.0
2024-06-24 15:20:00,2024-06-24 17:30:00,CAI,JED,EgyptAir,2 hr 10 min,152.0,0,,2024-05-27,142.0,23.0
2024-06-24 19:50:00,2024-06-24 22:00:00,CAI,JED,EgyptAir,2 hr 10 min,152.0,0,,2024-05-27,139.0,21.0
2024-06-24 21:20:00,2024-06-24 23:30:00,CAI,JED,EgyptAir,2 hr 10 min,152.0,0,,2024-05-27,134.0,17.0
2024-06-24 00:55:00,2024-06-24 03:15:00,CAI,JED,Saudia,2 hr 20 min,157.0,0,,2024-05-27,115.0,0.0
2024-06-24 03:45:00,2024-06-24 06:05:00,CAI,JED,Saudia,2 hr 20 min,157.0,0,,2024-05-27,115.0,0.0
2024-06-24 06:00:00,2024-06-24 08:20:00,CAI,JED,Saudia,2 hr 20 min,157.0,0,,2024-05-27,115.0,0.0
2024-06-24 12:40:00,2024-06-24 15:00:00,CAI,JED,Saudia,2 hr 20 min,157.0,0,,2024-05-27,115.0,0.0
2024-06-24 15:20:00,2024-06-24 17:40:00,CAI,JED,Saudia,2 hr 20 min,157.0,0,,2024-05-27,115.0,0.0
2024-06-24 16:10:00,2024-06-24 18:30:00,CAI,JED,Saudia,2 hr 20 min,157.0,0,,2024-05-27,115.0,0.0
2024-06-24 17:50:00,2024-06-24 20:10:00,CAI,JED,Saudia,2 hr 20 min,157.0,0,,2024-05-27,115.0,0.0
2024-06-24 20:50:00,2024-06-24 23:05:00,CAI,JED,Saudia,2 hr 15 min,157.0,0,,2024-05-27,115.0,0.0
2024-06-24 22:45:00,2024-06-25 01:05:00,CAI,JED,Saudia,2 hr 20 min,157.0,0,,2024-05-27,115.0,0.0
2024-06-24 23:05:00,2024-06-25 01:25:00,CAI,JED,Saudia,2 hr 20 min,157.0,0,,2024-05-27,115.0,0.0
2024-06-24 03:25:00,2024-06-24 05:40:00,CAI,JED,Price unavailable,2 hr 15 min,,0,,2024-05-27,134.0,17.0
2024-06-24 03:50:00,2024-06-24 06:05:00,CAI,JED,Price unavailable,2 hr 15 min,,0,,2024-05-27,114.0,0.0
2024-06-24 06:00:00,2024-06-24 08:15:00,CAI,JED,Price unavailable,2 hr 15 min,,0,,2024-05-27,114.0,0.0
2024-06-25 04:20:00,2024-06-25 06:40:00,CAI,JED,Air Cairo,2 hr 20 min,111.0,0,,2024-05-27,115.0,0.0
2024-06-25 03:45:00,2024-06-25 05:55:00,CAI,JED,FlyEgypt,2 hr 10 min,113.0,0,,2024-05-27,117.0,0.0
2024-06-25 06:15:00,2024-06-25 08:30:00,CAI,JED,Nile Air,2 hr 15 min,116.0,0,,2024-05-27,110.0,0.0
2024-06-25 14:05:00,2024-06-25 16:20:00,CAI,JED,Price unavailable,2 hr 15 min,,0,,2024-05-27,134.0,17.0
2024-06-25 00:25:00,2024-06-25 02:40:00,CAI,JED,Nile Air,2 hr 15 min,116.0,0,,2024-05-27,121.0,0.0
2024-06-25 12:45:00,2024-06-25 15:00:00,CAI,JED,Nile Air,2 hr 15 min,116.0,0,,2024-05-27,122.0,6.0
2024-06-25 14:30:00,2024-06-25 16:45:00,CAI,JED,Nile Air,2 hr 15 min,116.0,0,,2024-05-27,122.0,6.0
2024-06-25 11:25:00,2024-06-25 13:45:00,CAI,JED,Air Cairo,2 hr 20 min,118.0,0,,2024-05-27,115.0,0.0
2024-06-25 19:10:00,2024-06-25 21:30:00,CAI,JED,Air Cairo,2 hr 20 min,118.0,0,,2024-05-27,115.0,0.0
2024-06-25 19:05:00,2024-06-25 21:30:00,CAI,JED,Flynas,2 hr 25 min,120.0,0,,2024-05-27,97.0,-16.0
2024-06-25 22:00:00,2024-06-26 00:25:00,CAI,JED,Flynas,2 hr 25 min,120.0,0,,2024-05-27,97.0,-16.0
2024-06-25 14:55:00,2024-06-25 17:05:00,CAI,JED,FlyEgypt,2 hr 10 min,123.0,0,,2024-05-27,117.0,0.0
2024-06-25 15:35:00,2024-06-25 18:00:00,CAI,JED,Flynas,2 hr 25 min,128.0,0,,2024-05-27,97.0,-16.0
2024-06-25 21:15:00,2024-06-26 00:00:00,CAI,JED,Flyadeal,2 hr 45 min,128.0,0,,2024-05-27,110.0,0.0
2024-06-25 18:10:00,2024-06-25 20:35:00,CAI,JED,Flynas,2 hr 25 min,136.0,0,,2024-05-27,97.0,-16.0
2024-06-25 23:35:00,2024-06-26 01:45:00,CAI,JED,Flyadeal,2 hr 10 min,136.0,0,,2024-05-27,110.0,0.0
2024-06-25 00:30:00,2024-06-25 02:40:00,CAI,JED,EgyptAir,2 hr 10 min,137.0,0,,2024-05-27,142.0,23.0
2024-06-25 02:35:00,2024-06-25 04:45:00,CAI,JED,EgyptAir,2 hr 10 min,137.0,0,,2024-05-27,114.0,0.0
2024-06-25 08:00:00,2024-06-25 10:10:00,CAI,JED,EgyptAir,2 hr 10 min,137.0,0,,2024-05-27,142.0,23.0
2024-06-25 19:50:00,2024-06-25 22:00:00,CAI,JED,EgyptAir,2 hr 10 min,143.0,0,,2024-05-27,142.0,23.0
2024-06-25 21:20:00,2024-06-25 23:30:00,CAI,JED,EgyptAir,2 hr 10 min,143.0,0,,2024-05-27,134.0,17.0
2024-06-25 01:15:00,2024-06-25 03:40:00,CAI,JED,Flynas,2 hr 25 min,147.0,0,,2024-05-27,97.0,-16.0
2024-06-25 15:20:00,2024-06-25 17:30:00,CAI,JED,EgyptAir,2 hr 10 min,152.0,0,,2024-05-27,114.0,0.0
2024-06-25 00:55:00,2024-06-25 03:15:00,CAI,JED,Saudia,2 hr 20 min,157.0,0,,2024-05-27,115.0,0.0
2024-06-25 03:45:00,2024-06-25 06:05:00,CAI,JED,Saudia,2 hr 20 min,157.0,0,,2024-05-27,115.0,0.0
2024-06-25 06:00:00,2024-06-25 08:20:00,CAI,JED,Saudia,2 hr 20 min,157.0,0,,2024-05-27,115.0,0.0
2024-06-25 12:40:00,2024-06-25 15:00:00,CAI,JED,Saudia,2 hr 20 min,157.0,0,,2024-05-27,115.0,0.0
2024-06-25 15:10:00,2024-06-25 17:30:00,CAI,JED,Saudia,2 hr 20 min,157.0,0,,2024-05-27,115.0,0.0
2024-06-25 16:10:00,2024-06-25 18:30:00,CAI,JED,Saudia,2 hr 20 min,157.0,0,,2024-05-27,115.0,0.0
2024-06-25 17:50:00,2024-06-25 20:10:00,CAI,JED,Saudia,2 hr 20 min,157.0,0,,2024-05-27,115.0,0.0
2024-06-25 20:50:00,2024-06-25 23:10:00,CAI,JED,Saudia,2 hr 20 min,157.0,0,,2024-05-27,115.0,0.0
2024-06-25 23:05:00,2024-06-26 01:25:00,CAI,JED,Saudia,2 hr 20 min,157.0,0,,2024-05-27,115.0,0.0
2024-06-25 09:25:00,2024-06-25 11:50:00,CAI,JED,Flynas,2 hr 25 min,160.0,0,,2024-05-27,97.0,-16.0
2024-06-25 09:45:00,2024-06-25 12:00:00,CAI,JED,Flyadeal,2 hr 15 min,160.0,0,,2024-05-27,110.0,0.0
2024-06-25 04:20:00,2024-06-25 06:35:00,CAI,JED,Price unavailable,2 hr 15 min,,0,,2024-05-27,114.0,0.0
2024-06-26 09:25:00,2024-06-26 11:50:00,CAI,JED,Flynas,2 hr 25 min,104.0,0,,2024-05-27,97.0,-16.0
2024-06-26 06:50:00,2024-06-26 09:10:00,CAI,JED,Air Cairo,2 hr 20 min,111.0,0,,2024-05-27,113.0,0.0
2024-06-26 12:45:00,2024-06-26 15:00:00,CAI,JED,Nile Air,2 hr 15 min,116.0,0,,2024-05-27,122.0,6.0
2024-06-26 10:00:00,2024-06-26 12:00:00,CAI,JED,Price unavailable,2 hr,,0,,2024-05-27,163.0,42.0
2024-06-26 11:35:00,2024-06-26 13:50:00,CAI,JED,Price unavailable,2 hr 15 min,,0,,2024-05-27,114.0,0.0
2024-06-26 04:00:00,2024-06-26 06:20:00,CAI,JED,Air Cairo,2 hr 20 min,111.0,0,,2024-05-27,115.0,0.0
2024-06-26 01:15:00,2024-06-26 03:40:00,CAI,JED,Flynas,2 hr 25 min,112.0,0,,2024-05-27,97.0,-16.0
2024-06-26 18:10:00,2024-06-26 20:35:00,CAI,JED,Flynas,2 hr 25 min,112.0,0,,2024-05-27,97.0,-16.0
2024-06-26 05:40:00,2024-06-26 07:55:00,CAI,JED,Nile Air,2 hr 15 min,116.0,0,,2024-05-27,122.0,6.0
2024-06-26 19:05:00,2024-06-26 21:30:00,CAI,JED,Flynas,2 hr 25 min,120.0,0,,2024-05-27,97.0,-16.0
2024-06-26 22:00:00,2024-06-27 00:25:00,CAI,JED,Flynas,2 hr 25 min,120.0,0,,2024-05-27,97.0,-16.0
2024-06-26 00:35:00,2024-06-26 02:45:00,CAI,JED,FlyEgypt,2 hr 10 min,123.0,0,,2024-05-27,,
2024-06-26 15:10:00,2024-06-26 17:20:00,CAI,JED,FlyEgypt,2 hr 10 min,123.0,0,,2024-05-27,,
2024-06-26 18:35:00,2024-06-26 20:40:00,CAI,JED,FlyEgypt,2 hr 5 min,123.0,0,,2024-05-27,117.0,0.0
2024-06-26 06:00:00,2024-06-26 08:10:00,CAI,JED,Air Arabia Egypt,2 hr 10 min,127.0,0,,2024-05-27,117.0,0.0
2024-06-26 00:30:00,2024-06-26 02:40:00,CAI,JED,EgyptAir,2 hr 10 min,137.0,0,,2024-05-27,142.0,23.0
2024-06-26 02:35:00,2024-06-26 04:45:00,CAI,JED,EgyptAir,2 hr 10 min,137.0,0,,2024-05-27,114.0,0.0
2024-06-26 08:00:00,2024-06-26 10:10:00,CAI,JED,EgyptAir,2 hr 10 min,137.0,0,,2024-05-27,142.0,23.0
2024-06-26 15:20:00,2024-06-26 17:30:00,CAI,JED,EgyptAir,2 hr 10 min,143.0,0,,2024-05-27,142.0,23.0
2024-06-26 15:35:00,2024-06-26 18:00:00,CAI,JED,Flynas,2 hr 25 min,147.0,0,,2024-05-27,97.0,-16.0
2024-06-26 23:35:00,2024-06-27 01:45:00,CAI,JED,Flyadeal,2 hr 10 min,147.0,0,,2024-05-27,110.0,0.0
2024-06-26 21:20:00,2024-06-26 23:30:00,CAI,JED,EgyptAir,2 hr 10 min,152.0,0,,2024-05-27,134.0,17.0
2024-06-26 00:55:00,2024-06-26 03:15:00,CAI,JED,Saudia,2 hr 20 min,157.0,0,,2024-05-27,115.0,0.0
2024-06-26 03:45:00,2024-06-26 06:05:00,CAI,JED,Saudia,2 hr 20 min,157.0,0,,2024-05-27,115.0,0.0
2024-06-26 06:00:00,2024-06-26 08:20:00,CAI,JED,Saudia,2 hr 20 min,157.0,0,,2024-05-27,115.0,0.0
2024-06-26 12:40:00,2024-06-26 15:00:00,CAI,JED,Saudia,2 hr 20 min,157.0,0,,2024-05-27,115.0,0.0
2024-06-26 15:10:00,2024-06-26 17:30:00,CAI,JED,Saudia,2 hr 20 min,157.0,0,,2024-05-27,115.0,0.0
2024-06-26 16:10:00,2024-06-26 18:30:00,CAI,JED,Saudia,2 hr 20 min,157.0,0,,2024-05-27,115.0,0.0
2024-06-26 17:50:00,2024-06-26 20:10:00,CAI,JED,Saudia,2 hr 20 min,157.0,0,,2024-05-27,118.0,0.0
2024-06-26 20:50:00,2024-06-26 23:05:00,CAI,JED,Saudia,2 hr 15 min,157.0,0,,2024-05-27,115.0,0.0
2024-06-26 23:05:00,2024-06-27 01:25:00,CAI,JED,Saudia,2 hr 20 min,157.0,0,,2024-05-27,115.0,0.0
2024-06-26 09:45:00,2024-06-26 12:00:00,CAI,JED,Flyadeal,2 hr 15 min,160.0,0,,2024-05-27,110.0,0.0
2024-06-26 19:50:00,2024-06-26 22:00:00,CAI,JED,EgyptAir,2 hr 10 min,161.0,0,,2024-05-27,139.0,21.0
2024-06-26 03:25:00,2024-06-26 05:40:00,CAI,JED,Price unavailable,2 hr 15 min,,0,,2024-05-27,114.0,0.0
2024-06-26 06:30:00,2024-06-26 08:45:00,CAI,JED,Price unavailable,2 hr 15 min,,0,,2024-05-27,114.0,0.0
